district_id,province_code,area_km2,pop_total,pop_male,pop_female,pop_transgender,pop_urban,pop_rural,pop_2017,pbs_growth_rate,pbs_household_size,pbs_urban_share,pbs_density,pbs_sex_ratio,pop10_all,pop10_male,pop10_female,literate10_all,literate10_male,literate10_female,pbs_literacy_rate,never_school_all,dropout_all,oosc_all,oosc_male,oosc_female,pop5_16_all,pop5_16_male,pop5_16_female,xchk_pop5_16_all_t13a,pop_t16_all,disability_all,households_t20,hh_pakka,hh_semi_pakka,hh_kacha,households,hh_light_electric,hh_light_solar,hh_light_other,hh_fuel_gas,hh_fuel_lpg,hh_fuel_firewood,hh_fuel_other,households_t23,hh_water_improved,hh_water_inside,households_t24,hh_toilet_flush,hh_toilet_non_flush,hh_toilet_none,households_t25,hh_owned,hh_rented,hh_rent_free,hh_one_room,owner_male,owner_female,owner_any
ba_awaran,BA,29510.0,178958.0,91623.0,87318.0,17.0,46836.0,132122.0,121821.0,6.64,6.4,26.17,6.06,104.93,116409.0,59799.0,56593.0,42298.0,26477.0,15816.0,36.34,30940.0,2511.0,33451.0,16683.0,16767.0,64747.0,33141.0,31602.0,64747.0,178958,5805,27796,3495,3651,20650,27796.0,3340.0,17195.0,7261.0,312.0,254.0,26399.0,831.0,27796.0,20661.0,9233.0,27796.0,14432.0,7553.0,5811.0,27796.0,27520.0,83.0,124.0,7980.0,26671.0,1056.0,27727.0
ba_barkhan,BA,3514.0,210249.0,109624.0,100617.0,8.0,14425.0,195824.0,171025.0,3.51,9.1,6.86,59.83,108.95,125459.0,65355.0,60096.0,42185.0,27205.0,14979.0,33.62,43232.0,2932.0,46164.0,18077.0,28083.0,79816.0,42611.0,37201.0,79816.0,210249,4442,23053,1305,2257,19491,23053.0,10589.0,9016.0,3448.0,97.0,54.0,21584.0,1318.0,23053.0,16148.0,2524.0,23053.0,6572.0,3771.0,12710.0,23053.0,20568.0,651.0,1098.0,11511.0,21934.0,383.0,22317.0
ba_chagai,BA,44748.0,269192.0,139922.0,129265.0,5.0,20054.0,249138.0,226517.0,2.93,7.0,7.45,6.02,108.24,167188.0,87326.0,79857.0,55416.0,36590.0,18824.0,33.15,62706.0,5485.0,68191.0,33956.0,34231.0,101105.0,52615.0,48486.0,101105.0,268611,4460,38213,3378,1259,33576,38213.0,13467.0,20342.0,4404.0,502.0,7906.0,27960.0,1845.0,38213.0,33845.0,17073.0,38213.0,25211.0,3549.0,9453.0,38213.0,36015.0,974.0,982.0,10193.0,36724.0,1247.0,37971.0
ba_chaman,BA,1341.0,466218.0,261194.0,205011.0,13.0,130139.0,336079.0,434561.0,1.18,7.5,27.91,347.66,127.4,284174.0,155350.0,128811.0,113577.0,74154.0,39420.0,39.97,108052.0,9847.0,117899.0,58428.0,59466.0,179139.0,103227.0,75907.0,179139.0,466218,9223,61915,7909,15390,38616,61915.0,41550.0,12940.0,7425.0,2645.0,8852.0,41345.0,9073.0,61915.0,47049.0,34045.0,61915.0,39700.0,19460.0,2755.0,61915.0,57739.0,2783.0,985.0,13253.0,60878.0,629.0,61507.0
ba_dera_bugti,BA,10160.0,355274.0,194587.0,160683.0,4.0,108447.0,246827.0,313110.0,2.13,5.7,30.52,34.97,121.1,202817.0,109771.0,93042.0,48816.0,37762.0,11054.0,24.07,89538.0,2890.0,92428.0,51595.0,40831.0,128953.0,77801.0,51150.0,128953.0,355274,1793,62267,9445,4291,48531,62267.0,21356.0,8225.0,32686.0,14792.0,58.0,41675.0,5742.0,62267.0,33049.0,16557.0,62267.0,21769.0,4554.0,35944.0,62267.0,53125.0,780.0,5967.0,36982.0,58986.0,886.0,59872.0
ba_duki,BA,4233.0,205044.0,107221.0,97775.0,48.0,9783.0,195261.0,152977.0,5.02,4.7,4.77,48.44,109.66,137711.0,72354.0,65309.0,60847.0,39003.0,21834.0,44.18,44154.0,2665.0,46819.0,20418.0,26393.0,66388.0,34489.0,31889.0,66388.0,205044,1284,43059,2193,7048,33818,43059.0,24570.0,14037.0,4452.0,354.0,105.0,40186.0,2414.0,43059.0,35091.0,25780.0,43059.0,19306.0,11742.0,12011.0,43059.0,33589.0,3695.0,5011.0,8946.0,41697.0,598.0,42295.0
ba_gwadar,BA,12637.0,305160.0,160744.0,144385.0,31.0,159035.0,146125.0,262253.0,2.56,6.0,52.12,24.15,111.33,214036.0,112437.0,101568.0,107650.0,64788.0,42850.0,50.3,27091.0,6530.0,33621.0,16119.0,17497.0,99490.0,53778.0,45706.0,99490.0,302831,9301,50357,25890,8174,16293,50357.0,40346.0,5795.0,4216.0,2932.0,5015.0,41588.0,822.0,50357.0,44228.0,31572.0,50357.0,39518.0,4704.0,6135.0,50357.0,46664.0,1807.0,757.0,22526.0,46323.0,2905.0,49228.0
ba_harnai,BA,2492.0,127571.0,67362.0,60205.0,4.0,33433.0,94138.0,97052.0,4.68,7.7,26.21,51.19,111.89,72572.0,38240.0,34328.0,28904.0,18705.0,10198.0,39.83,30723.0,1542.0,32265.0,15929.0,16335.0,46387.0,24494.0,21892.0,46387.0,127571,3165,16393,2690,1682,12021,16393.0,11546.0,2347.0,2500.0,105.0,127.0,14978.0,1183.0,16393.0,8677.0,8343.0,16393.0,7059.0,1663.0,7671.0,16393.0,13324.0,874.0,1672.0,5513.0,15527.0,343.0,15870.0
ba_jaffarabad,BA,1643.0,594558.0,301370.0,293177.0,11.0,163393.0,431165.0,513972.0,2.46,7.2,27.48,361.87,102.79,369647.0,187414.0,182222.0,131318.0,83262.0,48053.0,35.53,130399.0,7486.0,137885.0,64408.0,73476.0,214800.0,109673.0,105126.0,214800.0,594558,10884,81562,17223,8230,56109,81562.0,60832.0,7773.0,12957.0,11216.0,298.0,43183.0,26865.0,81562.0,39465.0,19819.0,81562.0,38632.0,15203.0,27727.0,81562.0,51386.0,5763.0,17935.0,53553.0,73276.0,1808.0,75084.0
ba_jhal_magsi,BA,3615.0,203368.0,103422.0,99933.0,13.0,24130.0,179238.0,148900.0,5.35,6.5,11.87,56.26,103.49,129692.0,66052.0,63627.0,39087.0,25028.0,14056.0,30.14,48144.0,2264.0,50408.0,22976.0,27430.0,76268.0,39051.0,37215.0,76268.0,203368,4834,30953,979,2708,27266,30953.0,13917.0,9934.0,7102.0,204.0,44.0,27397.0,3308.0,30953.0,12153.0,5652.0,30953.0,10712.0,8562.0,11679.0,30953.0,28608.0,305.0,1718.0,17839.0,30080.0,551.0,30631.0
ba_kachhi,BA,5682.0,442674.0,233584.0,209056.0,34.0,80452.0,362222.0,308000.0,6.25,8.8,18.17,77.91,111.73,277258.0,145421.0,131803.0,83731.0,53036.0,30692.0,30.2,133062.0,7293.0,140355.0,72838.0,67502.0,183227.0,99499.0,83713.0,183227.0,442674,9639,50032,4478,5990,39564,50032.0,38750.0,5593.0,5689.0,6909.0,98.0,39320.0,3705.0,50032.0,13678.0,10930.0,50032.0,24724.0,18290.0,7018.0,50032.0,42409.0,984.0,5546.0,16813.0,48102.0,837.0,48939.0
ba_kalat,BA,7654.0,271560.0,138611.0,132942.0,7.0,44440.0,227120.0,203565.0,4.93,8.2,16.36,35.48,104.26,170917.0,87397.0,83513.0,67857.0,43296.0,24561.0,39.7,47499.0,4754.0,52253.0,21157.0,31092.0,102403.0,52535.0,49864.0,102403.0,271560,5796,33101,1791,2712,28598,33101.0,13921.0,12318.0,6862.0,358.0,623.0,30168.0,1952.0,33101.0,19408.0,8260.0,33101.0,13712.0,10993.0,8396.0,33101.0,29399.0,765.0,1977.0,6461.0,31546.0,595.0,32141.0
ba_kech,BA,22539.0,1060931.0,555219.0,505589.0,123.0,386646.0,674285.0,907182.0,2.65,4.1,36.44,47.07,109.82,732240.0,385298.0,346819.0,363534.0,212787.0,150722.0,49.65,115255.0,21462.0,136717.0,64379.0,72321.0,309407.0,160013.0,149374.0,309407.0,1060814,21401,253475,45325,53418,154732,253475.0,154549.0,45925.0,53001.0,2057.0,15876.0,220025.0,15517.0,253475.0,180457.0,143109.0,253475.0,142587.0,64806.0,46082.0,253475.0,246024.0,2586.0,2527.0,107525.0,239522.0,11615.0,251137.0
ba_kharan,BA,14958.0,260352.0,139695.0,120646.0,11.0,80806.0,179546.0,162766.0,8.17,7.2,31.04,17.41,115.79,152476.0,79647.0,72818.0,62625.0,41242.0,21379.0,41.07,56311.0,5311.0,61622.0,31656.0,29962.0,99805.0,55589.0,44212.0,99805.0,260352,2884,35843,1497,2831,31515,35843.0,21380.0,8586.0,5877.0,183.0,370.0,33283.0,2007.0,35843.0,29311.0,15195.0,35843.0,19063.0,11166.0,5614.0,35843.0,34328.0,438.0,795.0,9340.0,33934.0,1627.0,35561.0
ba_khuzdar,BA,35380.0,997214.0,537313.0,459867.0,34.0,364378.0,632836.0,798896.0,3.78,6.1,36.54,28.19,116.84,621603.0,330382.0,291187.0,239864.0,148359.0,91498.0,38.59,214091.0,20814.0,234905.0,122752.0,112144.0,360646.0,203197.0,157440.0,360646.0,997214,32006,161450,15293,19353,126804,161450.0,58171.0,69317.0,33962.0,1308.0,4044.0,139138.0,16960.0,161450.0,110230.0,52933.0,161450.0,71788.0,42743.0,46919.0,161450.0,150052.0,3314.0,5507.0,40934.0,154570.0,4303.0,158873.0
ba_killa_abdullah,BA,3553.0,361971.0,189172.0,172783.0,16.0,35384.0,326587.0,323793.0,1.88,5.3,9.78,101.88,109.49,228328.0,118340.0,109972.0,83117.0,55954.0,27160.0,36.4,87617.0,4659.0,92276.0,44199.0,48070.0,119964.0,63442.0,56515.0,119964.0,361971,5996,67289,2155,10907,54227,67289.0,17817.0,40650.0,8822.0,1381.0,1776.0,56728.0,7404.0,67289.0,54971.0,36043.0,67289.0,34141.0,25666.0,7482.0,67289.0,62644.0,1476.0,1711.0,16523.0,64662.0,1169.0,65831.0
ba_killa_saifullah,BA,6831.0,380200.0,199074.0,181125.0,1.0,64175.0,316025.0,342932.0,1.74,5.4,16.88,55.66,109.91,226581.0,117032.0,109548.0,74678.0,51409.0,23269.0,32.96,80009.0,5316.0,85325.0,36358.0,48966.0,136251.0,73140.0,63110.0,136251.0,380200,7956,69998,3338,7564,59096,69998.0,31001.0,30848.0,8149.0,429.0,1133.0,63624.0,4812.0,69998.0,43398.0,29962.0,69998.0,23078.0,10794.0,36126.0,69998.0,59238.0,3362.0,5194.0,17402.0,66264.0,1530.0,67794.0
ba_kohlu,BA,7610.0,260220.0,136243.0,123961.0,16.0,18978.0,241242.0,213933.0,3.33,6.8,7.29,34.19,109.91,163542.0,86352.0,77174.0,46661.0,28190.0,18468.0,28.53,66506.0,3010.0,69516.0,36572.0,32939.0,97437.0,51076.0,46355.0,97437.0,260220,9676,38095,2200,2286,33609,38095.0,7093.0,7363.0,23639.0,187.0,61.0,35048.0,2799.0,38095.0,11604.0,6819.0,38095.0,8585.0,3837.0,25673.0,38095.0,34092.0,1502.0,1690.0,10640.0,36671.0,613.0,37284.0
ba_lasbela,BA,15153.0,680977.0,348840.0,332112.0,25.0,330585.0,350392.0,576271.0,2.83,5.8,48.55,44.94,105.04,471778.0,243095.0,228658.0,172052.0,111493.0,60553.0,36.47,115625.0,11519.0,127144.0,59223.0,67917.0,223407.0,113854.0,109546.0,223407.0,680816,8583,115539,55669,26332,33538,115539.0,70451.0,22506.0,22582.0,20259.0,2331.0,91426.0,1523.0,115539.0,95457.0,26224.0,115539.0,80605.0,10658.0,24276.0,115539.0,98197.0,11644.0,3658.0,71663.0,109945.0,3554.0,113499.0
ba_loralai,BA,3785.0,272432.0,142774.0,129641.0,17.0,59601.0,212831.0,244446.0,1.83,7.1,21.88,71.98,110.13,167957.0,88447.0,79493.0,72498.0,48002.0,24494.0,43.16,43940.0,3398.0,47338.0,17780.0,29554.0,96648.0,51351.0,45293.0,96648.0,269364,5201,38214,3248,4852,30114,38214.0,20929.0,13840.0,3445.0,417.0,1556.0,33541.0,2700.0,38214.0,27735.0,13233.0,38214.0,20006.0,6870.0,11338.0,38214.0,28494.0,3734.0,4447.0,10784.0,36062.0,613.0,36675.0
ba_mastung,BA,3308.0,313271.0,166679.0,146589.0,3.0,40374.0,272897.0,265676.0,2.79,7.1,12.89,94.7,113.7,202839.0,107383.0,95453.0,93253.0,61492.0,31761.0,45.97,50933.0,6769.0,57702.0,27606.0,30094.0,109107.0,59475.0,49630.0,109107.0,312378,4912,43695,3684,10268,29743,43695.0,31422.0,6369.0,5904.0,14741.0,146.0,27149.0,1659.0,43695.0,33734.0,16425.0,43695.0,29513.0,10921.0,3261.0,43695.0,38788.0,1224.0,2578.0,5680.0,42061.0,529.0,42590.0
ba_musakhel,BA,5728.0,182275.0,96706.0,85566.0,3.0,15805.0,166470.0,167243.0,1.45,5.8,8.67,31.82,113.02,107604.0,56114.0,51487.0,39383.0,26655.0,12728.0,36.6,33234.0,1986.0,35220.0,17509.0,17710.0,68611.0,37866.0,30744.0,68611.0,182275,4432,31252,2928,8514,19810,31252.0,7738.0,14290.0,9224.0,154.0,91.0,28781.0,2226.0,31252.0,12809.0,8028.0,31252.0,8352.0,6219.0,16681.0,31252.0,29434.0,728.0,764.0,10610.0,30025.0,901.0,30926.0
ba_nasirabad,BA,3387.0,563315.0,287902.0,275395.0,18.0,106952.0,456363.0,489779.0,2.37,6.4,18.99,166.32,104.54,346468.0,176834.0,169616.0,100345.0,64421.0,35920.0,28.96,144651.0,6556.0,151207.0,73183.0,78014.0,206950.0,107017.0,99923.0,206950.0,563315,5420,87516,11131,9012,67373,87516.0,61579.0,12392.0,13545.0,4086.0,269.0,55831.0,27330.0,87516.0,45550.0,28536.0,87516.0,26788.0,25498.0,35230.0,87516.0,64013.0,3389.0,13802.0,47758.0,80065.0,1139.0,81204.0
ba_nushki,BA,5797.0,207834.0,108271.0,99558.0,5.0,48572.0,159262.0,178947.0,2.53,6.6,23.37,35.85,108.75,133949.0,69190.0,64754.0,76506.0,47909.0,28595.0,57.12,24885.0,6184.0,31069.0,14742.0,16327.0,69082.0,36333.0,32749.0,69082.0,207200,2024,31255,5833,2186,23236,31255.0,26467.0,3160.0,1628.0,1204.0,4682.0,24204.0,1165.0,31255.0,29338.0,19687.0,31255.0,21714.0,6623.0,2918.0,31255.0,29028.0,1089.0,889.0,6173.0,30509.0,497.0,31006.0
ba_panjgur,BA,16891.0,509781.0,269372.0,240314.0,95.0,157693.0,352088.0,315353.0,8.36,4.3,30.93,30.18,112.09,354229.0,189123.0,165011.0,149007.0,86621.0,62370.0,42.07,82071.0,8744.0,90815.0,45983.0,44824.0,143960.0,74083.0,69867.0,143960.0,509781,14849,117089,8318,14854,93917,117089.0,53694.0,26884.0,36511.0,2195.0,6527.0,96380.0,11987.0,117089.0,85793.0,74208.0,117089.0,26316.0,67419.0,23354.0,117089.0,112245.0,2659.0,715.0,23843.0,112370.0,3249.0,115619.0
ba_pishin,BA,6218.0,835482.0,426597.0,408862.0,23.0,243785.0,591697.0,736903.0,2.12,5.6,29.18,134.37,104.34,517451.0,260740.0,256688.0,264249.0,171695.0,92545.0,51.07,144996.0,25457.0,170453.0,77106.0,93336.0,288156.0,149149.0,138995.0,288156.0,835482,15492,147185,11003,35899,100283,147185.0,78700.0,59232.0,9253.0,57249.0,3465.0,76593.0,9878.0,147185.0,124316.0,83660.0,147185.0,96120.0,38384.0,12681.0,147185.0,127733.0,4463.0,10805.0,40856.0,140083.0,2918.0,143001.0
ba_quetta,BA,3447.0,2595492.0,1319869.0,1275512.0,111.0,1565546.0,1029946.0,2269473.0,2.27,8.9,60.32,752.97,103.48,1550356.0,799022.0,751223.0,872669.0,519859.0,352763.0,56.29,224937.0,51574.0,276511.0,123482.0,153005.0,744455.0,378180.0,366248.0,744455.0,2271290,56744,288459,170219,72562,45678,288459.0,268100.0,12863.0,7496.0,245436.0,4991.0,31242.0,6790.0,288459.0,272201.0,103102.0,288459.0,248887.0,35752.0,3820.0,288459.0,198427.0,72351.0,4344.0,38345.0,269574.0,5548.0,275122.0
ba_sherani,BA,4310.0,191687.0,105345.0,86336.0,6.0,0.0,191687.0,152952.0,3.84,5.3,0.0,44.47,122.02,116273.0,62255.0,54012.0,27747.0,19632.0,8114.0,23.86,52915.0,3000.0,55915.0,30268.0,25645.0,71740.0,41778.0,29959.0,71740.0,191673,2026,36100,6096,11991,18013,36100.0,836.0,30990.0,4274.0,461.0,141.0,32666.0,2832.0,36100.0,19266.0,18627.0,36100.0,16154.0,10009.0,9937.0,36100.0,34242.0,722.0,859.0,4112.0,33778.0,2045.0,35823.0
ba_sibi,BA,7121.0,224148.0,115033.0,109110.0,5.0,69300.0,154848.0,179751.0,3.76,7.1,30.92,31.48,105.43,144535.0,74281.0,70249.0,68529.0,41389.0,27139.0,47.41,43059.0,4143.0,47202.0,23169.0,24033.0,75497.0,38916.0,36580.0,75497.0,224148,6558,31296,7350,4716,19230,31296.0,21884.0,6352.0,3060.0,10354.0,141.0,19978.0,823.0,31296.0,21023.0,15110.0,31296.0,20770.0,6930.0,3596.0,31296.0,23771.0,2859.0,2750.0,11081.0,28948.0,432.0,29380.0
ba_sohbatpur,BA,802.0,240106.0,121863.0,118241.0,2.0,14728.0,225378.0,200426.0,3.06,7.1,6.13,299.38,103.06,136881.0,69431.0,67448.0,56153.0,36982.0,19171.0,41.02,45284.0,3076.0,48360.0,21771.0,26588.0,87983.0,45098.0,42884.0,87983.0,240106,4888,33734,5383,2551,25800,33734.0,25983.0,3203.0,4548.0,814.0,61.0,22285.0,10574.0,33734.0,18191.0,10817.0,33734.0,11301.0,5522.0,16911.0,33734.0,19288.0,397.0,10895.0,25620.0,29886.0,694.0,30580.0
ba_surab,BA,762.0,279038.0,141648.0,137372.0,18.0,36468.0,242570.0,208493.0,4.99,5.4,13.07,366.19,103.11,164423.0,82901.0,81504.0,61559.0,37440.0,24109.0,37.44,62228.0,7199.0,69427.0,32933.0,36491.0,100020.0,51667.0,48349.0,100020.0,279038,5073,51227,1510,3413,46304,51227.0,24162.0,21861.0,5204.0,3238.0,1128.0,39129.0,7732.0,51227.0,37171.0,15738.0,51227.0,25206.0,17324.0,8697.0,51227.0,49279.0,724.0,815.0,10968.0,48980.0,1838.0,50818.0
ba_washuk,BA,33093.0,302623.0,162913.0,139685.0,25.0,41107.0,261516.0,175712.0,9.51,6.1,13.58,9.14,116.63,179601.0,95006.0,84570.0,38756.0,25425.0,13328.0,21.58,80320.0,3690.0,84010.0,44230.0,39772.0,116797.0,65562.0,51227.0,116797.0,302367,5977,49049,1539,2355,45155,49049.0,12897.0,19994.0,16158.0,393.0,2269.0,42042.0,4345.0,49049.0,36126.0,14293.0,49049.0,14053.0,13993.0,21003.0,49049.0,48194.0,477.0,171.0,18222.0,46195.0,2647.0,48842.0
ba_zhob,BA,15987.0,355692.0,192202.0,163485.0,5.0,46976.0,308716.0,310354.0,2.3,7.4,13.21,22.25,117.57,196456.0,104612.0,91839.0,71952.0,47328.0,24621.0,36.62,69281.0,4368.0,73649.0,36995.0,36651.0,135453.0,75479.0,59970.0,135453.0,355556,7812,47901,9156,14053,24692,47901.0,23464.0,19478.0,4959.0,663.0,956.0,43155.0,3127.0,47901.0,30953.0,27082.0,47901.0,22657.0,7679.0,17565.0,47901.0,39086.0,5121.0,2058.0,9944.0,45061.0,1204.0,46265.0
ba_ziarat,BA,3301.0,189535.0,96172.0,93355.0,8.0,49402.0,140133.0,160095.0,2.86,8.2,26.06,57.42,103.02,110630.0,55832.0,54790.0,47976.0,29624.0,18350.0,43.37,40420.0,3148.0,43568.0,20781.0,22782.0,70451.0,36147.0,34298.0,70451.0,189535,4823,22894,1477,5476,15941,22894.0,10802.0,10067.0,2025.0,6178.0,374.0,15534.0,808.0,22894.0,12479.0,5726.0,22894.0,11092.0,2498.0,9304.0,22894.0,20225.0,326.0,2174.0,8706.0,22117.0,608.0,22725.0
is_islamabad,IS,906.0,2363863.0,1247693.0,1115900.0,270.0,1108872.0,1254991.0,2003368.0,2.8,5.7,46.91,2609.12,111.81,1797000.0,957253.0,839477.0,1508916.0,844545.0,664244.0,83.97,40477.0,48650.0,89127.0,47849.0,41275.0,591703.0,312921.0,278773.0,591703.0,2283244,73022,410993,400099,4984,5910,410993.0,397358.0,9055.0,4580.0,252912.0,99909.0,54101.0,4071.0,410993.0,397091.0,242997.0,410993.0,396553.0,10330.0,4110.0,410993.0,218953.0,149403.0,10248.0,33309.0,359426.0,19178.0,378604.0
kp_abbottabad,KP,1967.0,1419072.0,712218.0,706750.0,104.0,332315.0,1086757.0,1333089.0,1.05,5.9,23.42,721.44,100.77,1063313.0,533862.0,529347.0,822410.0,460172.0,362194.0,77.34,18906.0,26506.0,45412.0,20895.0,24516.0,384237.0,193531.0,190703.0,384237.0,1397587,58860,236789,193933,22393,20463,236789.0,234356.0,1165.0,1268.0,104135.0,3612.0,128055.0,987.0,236789.0,195201.0,141468.0,236789.0,220283.0,4570.0,11936.0,236789.0,198541.0,27632.0,6011.0,39442.0,219545.0,12639.0,232184.0
kp_bajaur,KP,1290.0,1287960.0,650798.0,637147.0,15.0,0.0,1287960.0,1090987.0,2.81,7.0,0.0,998.42,102.14,817059.0,413623.0,403421.0,214570.0,164976.0,49592.0,26.26,279795.0,13099.0,292894.0,113677.0,179210.0,462668.0,233413.0,229248.0,462668.0,1283113,41372,181699,27346,63965,90388,181699.0,47197.0,97164.0,37338.0,1348.0,786.0,154436.0,25129.0,181699.0,124871.0,102263.0,181699.0,105826.0,38770.0,37103.0,181699.0,158020.0,5643.0,16093.0,75768.0,175503.0,4253.0,179756.0
kp_bannu,KP,1972.0,1357890.0,706094.0,651777.0,19.0,48398.0,1309492.0,1210183.0,1.94,7.4,3.56,688.59,108.33,909367.0,470138.0,439210.0,379617.0,274897.0,104710.0,41.75,196307.0,17836.0,214143.0,90954.0,123188.0,447509.0,241231.0,206275.0,447509.0,1354674,50511,183130,96009,27660,59461,183130.0,154976.0,20260.0,7894.0,19078.0,2460.0,153869.0,7723.0,183130.0,169422.0,152764.0,183130.0,125069.0,19475.0,38586.0,183130.0,156422.0,14792.0,7656.0,56232.0,173178.0,5692.0,178870.0
kp_batagram,KP,1301.0,554133.0,281298.0,272825.0,10.0,0.0,554133.0,476749.0,2.55,6.4,0.0,425.93,103.11,376570.0,189227.0,187333.0,147203.0,103480.0,43721.0,39.09,75782.0,10482.0,86264.0,33722.0,52540.0,191157.0,99555.0,91600.0,191157.0,553285,15904,86196,48437,20917,16842,86196.0,57917.0,9518.0,18761.0,398.0,928.0,84094.0,776.0,86196.0,62453.0,36428.0,86196.0,63062.0,4652.0,18482.0,86196.0,68638.0,3645.0,12555.0,29666.0,80776.0,4062.0,84838.0
kp_buner,KP,1865.0,1016869.0,508172.0,508669.0,28.0,0.0,1016869.0,895460.0,2.15,8.5,0.0,545.24,99.9,706190.0,347681.0,358481.0,308960.0,210723.0,98225.0,43.75,103382.0,20246.0,123628.0,44193.0,79433.0,339056.0,176770.0,162284.0,339056.0,1016674,38872,118665,68410,18044,32211,118665.0,95360.0,12918.0,10387.0,418.0,1331.0,115435.0,1481.0,118665.0,104746.0,81289.0,118665.0,87115.0,4411.0,27139.0,118665.0,89658.0,11269.0,16190.0,29933.0,113397.0,3720.0,117117.0
kp_charsadda,KP,996.0,1835504.0,950872.0,884613.0,19.0,292426.0,1543078.0,1610960.0,2.2,6.9,15.93,1842.88,107.49,1292257.0,669965.0,622273.0,697011.0,445862.0,251140.0,53.94,132793.0,33837.0,166630.0,72168.0,94455.0,572418.0,299116.0,273293.0,572418.0,1835136,61736,263934,175900,51791,36243,263934.0,236418.0,20094.0,7422.0,86717.0,7242.0,165177.0,4798.0,263934.0,257830.0,250716.0,263934.0,246101.0,8119.0,9714.0,263934.0,230786.0,18461.0,13117.0,74599.0,255609.0,6755.0,262364.0
kp_dera_ismail_khan,KP,9334.0,1829811.0,959405.0,870255.0,151.0,374757.0,1455054.0,1693594.0,1.3,6.7,20.48,196.04,110.24,1263515.0,665557.0,597807.0,588508.0,386944.0,201504.0,46.58,229895.0,34672.0,264567.0,120201.0,144361.0,591589.0,314297.0,277287.0,591589.0,1822916,47328,270021,125325,51233,93463,270021.0,218368.0,19326.0,32327.0,32224.0,4279.0,205792.0,27726.0,270021.0,226383.0,165360.0,270021.0,223956.0,44689.0,1376.0,270021.0,242541.0,16575.0,7694.0,107169.0,259134.0,7676.0,266810.0
kp_hangu,KP,1097.0,528902.0,260293.0,268601.0,8.0,85727.0,443175.0,518811.0,0.32,8.6,16.21,482.13,96.91,373119.0,179091.0,194020.0,161002.0,118273.0,42728.0,43.15,69165.0,5676.0,74841.0,26102.0,48736.0,176461.0,92913.0,83545.0,176461.0,525623,20590,61148,38737,13917,8494,61148.0,42053.0,16729.0,2366.0,8970.0,2955.0,48738.0,485.0,61148.0,54870.0,40273.0,61148.0,51700.0,5426.0,4022.0,61148.0,48782.0,8128.0,3576.0,10735.0,57917.0,2569.0,60486.0
kp_haripur,KP,1725.0,1174783.0,591540.0,583198.0,45.0,147765.0,1027018.0,1001515.0,2.7,6.1,12.58,681.03,101.43,890826.0,445904.0,444877.0,667053.0,375155.0,291867.0,74.88,22899.0,20939.0,43838.0,19690.0,24148.0,318688.0,164700.0,153986.0,318688.0,1173056,55536,192451,166124,14153,12174,192451.0,188352.0,2495.0,1604.0,76456.0,8750.0,106363.0,882.0,192451.0,175157.0,133256.0,192451.0,177481.0,7555.0,7415.0,192451.0,161744.0,18862.0,5462.0,26736.0,177447.0,8621.0,186068.0
kp_karak,KP,3371.0,815878.0,421292.0,394575.0,11.0,58065.0,757813.0,705362.0,2.46,8.4,7.12,242.03,106.77,573227.0,294055.0,279161.0,374674.0,247364.0,127304.0,65.36,50647.0,18346.0,68993.0,26827.0,42163.0,248623.0,130328.0,118292.0,248623.0,815150,29971,95997,58249,18335,19413,95997.0,72244.0,13484.0,10269.0,27554.0,673.0,62544.0,5226.0,95997.0,78128.0,27233.0,95997.0,84662.0,11089.0,246.0,95997.0,91084.0,3154.0,1133.0,19805.0,91989.0,3382.0,95371.0
kp_khyber,KP,2576.0,1146267.0,598268.0,547989.0,10.0,94707.0,1051560.0,984246.0,2.58,6.8,8.26,444.98,109.18,750674.0,390583.0,360081.0,288669.0,226863.0,61802.0,38.45,199216.0,14294.0,213510.0,80749.0,132756.0,420553.0,223844.0,196703.0,420553.0,1145982,18944,166805,39824,50546,76435,166805.0,54335.0,97549.0,14921.0,3507.0,10716.0,140041.0,12541.0,166805.0,117755.0,63525.0,166805.0,78819.0,71196.0,16790.0,166805.0,148637.0,9732.0,7611.0,78923.0,162708.0,3272.0,165980.0
kp_kohat,KP,2991.0,1234661.0,629566.0,605066.0,29.0,278741.0,955920.0,1111266.0,1.78,7.2,22.58,412.79,104.05,900401.0,455583.0,444789.0,527155.0,347959.0,179182.0,58.55,96948.0,18888.0,115836.0,38527.0,77305.0,378150.0,198139.0,180006.0,378150.0,1234579,55074,169679,122559,28939,18181,169679.0,148926.0,14440.0,6313.0,61085.0,8177.0,98381.0,2036.0,169679.0,151724.0,118863.0,169679.0,151992.0,7952.0,9735.0,169679.0,138621.0,20670.0,6501.0,37682.0,159128.0,6664.0,165792.0
kp_kolai_palas_kohistan,KP,1410.0,280162.0,142588.0,137572.0,2.0,0.0,280162.0,274923.0,0.32,6.9,0.0,198.7,103.65,134084.0,68376.0,65706.0,25209.0,16577.0,8632.0,18.8,77923.0,2410.0,80333.0,39874.0,40458.0,96450.0,50084.0,46365.0,96450.0,236726,4148,33983,2348,3288,28347,33983.0,5372.0,10436.0,18175.0,174.0,7.0,31621.0,2181.0,33983.0,9014.0,5996.0,33983.0,13481.0,8761.0,11741.0,33983.0,31163.0,328.0,2126.0,9705.0,30395.0,3222.0,33617.0
kp_kurram,KP,3380.0,785434.0,406914.0,378505.0,15.0,45471.0,739963.0,615372.0,4.16,8.3,5.79,232.38,107.51,509976.0,258510.0,251451.0,179598.0,127677.0,51916.0,35.22,137381.0,8089.0,145470.0,65024.0,80442.0,268699.0,144302.0,124391.0,268699.0,785434,24448,94548,21880,27221,45447,94548.0,48577.0,39828.0,6143.0,1465.0,3547.0,87719.0,1817.0,94548.0,60938.0,49726.0,94548.0,61816.0,19355.0,13377.0,94548.0,80241.0,8276.0,5270.0,20360.0,89400.0,4387.0,93787.0
kp_lakki_marwat,KP,3296.0,1040856.0,527121.0,513722.0,13.0,103089.0,937767.0,902138.0,2.42,7.8,9.9,315.79,102.61,692004.0,351763.0,340228.0,335435.0,236936.0,98496.0,48.47,121770.0,20331.0,142101.0,50925.0,91173.0,331577.0,167220.0,164352.0,331577.0,1036300,28621,131800,57685,27693,46422,131800.0,101506.0,21456.0,8838.0,11677.0,625.0,112470.0,7028.0,131800.0,118298.0,86372.0,131800.0,106651.0,9145.0,16004.0,131800.0,123454.0,5509.0,2164.0,31745.0,128709.0,2418.0,131127.0
kp_lower_chitral,KP,6458.0,320407.0,163584.0,156823.0,0.0,57157.0,263250.0,278328.0,2.38,6.9,17.84,49.61,104.31,230856.0,118616.0,112240.0,152589.0,91114.0,61475.0,66.1,13495.0,3787.0,17282.0,7693.0,9589.0,87341.0,44042.0,43299.0,87341.0,318234,11064,46028,13089,19932,13007,46028.0,39855.0,2534.0,3639.0,167.0,523.0,45067.0,271.0,46028.0,38085.0,29480.0,46028.0,40443.0,1694.0,3891.0,46028.0,42305.0,2401.0,1004.0,8103.0,43847.0,1863.0,45710.0
kp_lower_dir,KP,1583.0,1650183.0,813551.0,836605.0,27.0,47860.0,1602323.0,1436082.0,2.35,8.1,2.9,1042.44,97.24,1106546.0,534201.0,572318.0,634720.0,387686.0,247022.0,57.36,121208.0,28325.0,149533.0,59463.0,90065.0,548794.0,283834.0,264950.0,548794.0,1648620,40113,202836,125537,44963,32336,202836.0,188640.0,10296.0,3900.0,17423.0,13467.0,169114.0,2832.0,202836.0,147642.0,100703.0,202836.0,181551.0,6793.0,14492.0,202836.0,180347.0,12813.0,8289.0,39322.0,190666.0,10783.0,201449.0
kp_lower_kohistan,KP,642.0,340017.0,173655.0,166351.0,11.0,0.0,340017.0,202502.0,9.05,6.4,0.0,529.62,104.39,167582.0,85434.0,82137.0,36945.0,28465.0,8479.0,22.05,87563.0,2994.0,90557.0,41931.0,48622.0,114097.0,59063.0,55030.0,114097.0,303305,8150,47347,10620,11492,25235,47347.0,17339.0,15741.0,14267.0,354.0,56.0,44780.0,2157.0,47347.0,21612.0,17371.0,47347.0,25605.0,7119.0,14623.0,47347.0,42869.0,1075.0,2670.0,17319.0,45158.0,1456.0,46614.0
kp_malakand,KP,952.0,826250.0,422792.0,403446.0,12.0,73525.0,752725.0,717806.0,2.38,7.3,8.9,867.91,104.8,580753.0,295496.0,285245.0,358119.0,212500.0,145611.0,61.66,42312.0,12671.0,54983.0,25169.0,29810.0,257932.0,135341.0,122585.0,257932.0,825377,29052,113118,78817,17760,16541,113118.0,109528.0,1663.0,1927.0,38943.0,5214.0,68144.0,817.0,113118.0,102648.0,89510.0,113118.0,97817.0,5464.0,9837.0,113118.0,91263.0,14369.0,6395.0,21341.0,107759.0,4268.0,112027.0
kp_mansehra,KP,4125.0,1797177.0,912164.0,884906.0,107.0,154834.0,1642343.0,1555742.0,2.44,6.1,8.62,435.68,103.08,1310639.0,661954.0,648578.0,836108.0,498642.0,337408.0,63.79,70256.0,41036.0,111292.0,41070.0,70220.0,542890.0,280080.0,262803.0,542890.0,1789624,58401,294052,226458,38736,28858,294052.0,280033.0,6421.0,7598.0,45901.0,10928.0,235114.0,2109.0,294052.0,232361.0,145344.0,294052.0,260243.0,8654.0,25155.0,294052.0,246860.0,29936.0,15344.0,72055.0,278461.0,13679.0,292140.0
kp_mardan,KP,1632.0,2744898.0,1408776.0,1336069.0,53.0,453342.0,2291556.0,2373399.0,2.46,6.8,16.52,1681.92,105.44,1954332.0,999836.0,954443.0,1090251.0,683025.0,407192.0,55.79,185310.0,45659.0,230969.0,97752.0,133215.0,845838.0,440064.0,405766.0,845838.0,2740692,98824,400859,292261,61540,47058,400859.0,383734.0,7336.0,9789.0,127914.0,10195.0,256599.0,6151.0,400859.0,390381.0,376225.0,400859.0,370827.0,11344.0,18688.0,400859.0,326391.0,49937.0,20913.0,103331.0,385007.0,12234.0,397241.0
kp_mohmand,KP,2296.0,553933.0,281384.0,272543.0,6.0,0.0,553933.0,474345.0,2.63,8.6,0.0,241.26,103.24,362180.0,184649.0,177525.0,113307.0,86501.0,26802.0,31.28,115176.0,7906.0,123082.0,46695.0,76387.0,198387.0,100299.0,98086.0,198387.0,553933,24290,63973,9406,15098,39469,63973.0,24601.0,33359.0,6013.0,549.0,694.0,56785.0,5945.0,63973.0,47984.0,26855.0,63973.0,28806.0,21107.0,14060.0,63973.0,60877.0,749.0,1878.0,14323.0,62352.0,1152.0,63504.0
kp_north_waziristan,KP,4707.0,693332.0,354636.0,338681.0,15.0,4131.0,689201.0,540546.0,4.25,6.9,0.6,147.3,104.71,438878.0,224570.0,214293.0,144051.0,105412.0,38637.0,32.82,152760.0,7440.0,160200.0,67028.0,93165.0,239368.0,123651.0,115709.0,239368.0,693137,15210,99595,18819,32717,48059,99595.0,52423.0,38942.0,8230.0,900.0,679.0,91168.0,6848.0,99595.0,68449.0,50026.0,99595.0,53523.0,20218.0,25854.0,99595.0,93321.0,2653.0,2456.0,39689.0,94768.0,3662.0,98430.0
kp_nowshera,KP,1748.0,1740705.0,886471.0,854184.0,50.0,341959.0,1398746.0,1520995.0,2.28,6.7,19.64,995.83,103.78,1256704.0,642791.0,613863.0,713608.0,440507.0,273077.0,56.78,111031.0,29183.0,140214.0,54501.0,85710.0,532484.0,269135.0,263345.0,532484.0,1735689,55945,259774,162187,65996,31591,259774.0,243988.0,7955.0,7831.0,140024.0,6739.0,105304.0,7707.0,259774.0,245363.0,207032.0,259774.0,236082.0,9770.0,13922.0,259774.0,213095.0,31983.0,8894.0,78619.0,245232.0,8740.0,253972.0
kp_orakzai,KP,1538.0,387561.0,204870.0,182684.0,7.0,0.0,387561.0,254303.0,7.3,7.4,0.0,251.99,112.14,249296.0,129779.0,119510.0,83690.0,65792.0,17896.0,33.57,69126.0,3881.0,73007.0,28556.0,44449.0,137016.0,74196.0,62818.0,137016.0,387561,6228,52104,2256,10058,39790,52104.0,14966.0,27628.0,9510.0,369.0,5.0,50483.0,1247.0,52104.0,30977.0,17122.0,52104.0,32736.0,19368.0,0.0,52104.0,50186.0,510.0,1288.0,11483.0,50965.0,1019.0,51984.0
kp_peshawar,KP,1518.0,4758762.0,2425808.0,2332767.0,187.0,1905975.0,2852787.0,4331959.0,1.58,6.8,40.05,3134.89,103.99,3394763.0,1738321.0,1656255.0,1808869.0,1128289.0,680497.0,53.28,447300.0,72628.0,519928.0,200142.0,319767.0,1505266.0,760461.0,744783.0,,4750388,137871,690976,462558,107632,120786,690976.0,634049.0,41899.0,15028.0,395549.0,33963.0,243094.0,18370.0,690976.0,670248.0,599302.0,690976.0,625150.0,38445.0,27381.0,690976.0,472781.0,180181.0,22859.0,183392.0,659977.0,15844.0,675821.0
kp_shangla,KP,1586.0,891252.0,459965.0,431281.0,6.0,0.0,891252.0,759609.0,2.71,7.0,0.0,561.95,106.65,583402.0,299519.0,283877.0,196832.0,146230.0,50601.0,33.74,154239.0,9477.0,163716.0,68711.0,95004.0,313828.0,166710.0,147116.0,313828.0,890846,33857,125540,58042,30749,36749,125540.0,93552.0,13920.0,18068.0,670.0,932.0,122178.0,1760.0,125540.0,85344.0,67298.0,125540.0,84932.0,8813.0,31795.0,125540.0,111579.0,5727.0,7442.0,34832.0,120511.0,4237.0,124748.0
kp_south_waziristan,KP,6620.0,888675.0,459531.0,429130.0,14.0,0.0,888675.0,675215.0,4.7,4.9,0.0,134.24,107.08,593064.0,308785.0,284265.0,189570.0,131645.0,57922.0,31.96,187216.0,12275.0,199491.0,93781.0,105705.0,304000.0,156628.0,147366.0,304000.0,888675,20258,178636,5010,23935,149691,178636.0,55178.0,89809.0,33649.0,1613.0,1293.0,161464.0,14266.0,178636.0,83065.0,57909.0,178636.0,104752.0,40299.0,33585.0,178636.0,171678.0,3819.0,1791.0,39196.0,173812.0,3476.0,177288.0
kp_swabi,KP,1543.0,1894600.0,959045.0,935520.0,35.0,339670.0,1554930.0,1625477.0,2.59,6.7,17.93,1227.87,102.51,1370367.0,687914.0,682418.0,801359.0,497656.0,303682.0,58.48,107206.0,38383.0,145589.0,56761.0,88822.0,574514.0,298994.0,275508.0,574514.0,1890230,49199,278976,215601,39021,24354,278976.0,264225.0,8973.0,5778.0,42227.0,9528.0,224625.0,2596.0,278976.0,262696.0,234194.0,278976.0,245358.0,8719.0,24899.0,278976.0,229533.0,27737.0,17776.0,83360.0,265140.0,9906.0,275046.0
kp_swat,KP,5337.0,2687384.0,1375358.0,1311939.0,87.0,794368.0,1893016.0,2308624.0,2.57,7.0,29.56,503.54,104.83,1877188.0,954711.0,922390.0,903484.0,590274.0,313175.0,48.13,247200.0,47120.0,294320.0,114918.0,179386.0,903292.0,473238.0,430032.0,903292.0,2686076,62783,381212,256511,53430,71271,381212.0,360471.0,8259.0,12482.0,69106.0,13387.0,295708.0,3011.0,381212.0,304345.0,225946.0,381212.0,335531.0,10767.0,34914.0,381212.0,308636.0,54941.0,15693.0,87233.0,367373.0,11897.0,379270.0
kp_tank,KP,2900.0,470293.0,241589.0,228703.0,1.0,49172.0,421121.0,427044.0,1.63,6.6,10.46,162.17,105.63,307532.0,159512.0,148019.0,125071.0,90753.0,34318.0,40.67,74350.0,7000.0,81350.0,31413.0,49937.0,165859.0,84184.0,81675.0,165859.0,470293,11622,70563,18867,22315,29381,70563.0,48472.0,16126.0,5965.0,4187.0,122.0,63954.0,2300.0,70563.0,54317.0,34616.0,70563.0,49791.0,12708.0,8064.0,70563.0,66725.0,2135.0,1213.0,29831.0,68508.0,1565.0,70073.0
kp_torghar,KP,454.0,200445.0,102160.0,98281.0,4.0,0.0,200445.0,171349.0,2.66,6.8,0.0,441.51,103.95,132971.0,67370.0,65597.0,39552.0,31379.0,8173.0,29.74,33371.0,4707.0,38078.0,13927.0,24151.0,69457.0,36150.0,33307.0,69457.0,200445,6953,29410,3134,14531,11745,29410.0,9300.0,12541.0,7569.0,161.0,21.0,28893.0,335.0,29410.0,20065.0,7759.0,29410.0,13232.0,732.0,15446.0,29410.0,21358.0,4764.0,2763.0,11541.0,27626.0,1259.0,28885.0
kp_upper_chitral,KP,8392.0,195528.0,100495.0,95033.0,0.0,0.0,195528.0,169297.0,2.44,7.4,0.0,23.3,105.75,150810.0,77662.0,73148.0,111343.0,65913.0,45430.0,73.83,3077.0,1536.0,4613.0,2022.0,2591.0,44098.0,22551.0,21547.0,44098.0,195161,5247,26365,1355,12366,12644,26365.0,22857.0,2510.0,998.0,117.0,56.0,25288.0,904.0,26365.0,19090.0,7524.0,26365.0,24953.0,1017.0,395.0,26365.0,25968.0,148.0,175.0,3498.0,24623.0,1668.0,26291.0
kp_upper_dir,KP,3699.0,1083566.0,537290.0,546264.0,12.0,47842.0,1035724.0,947401.0,2.27,7.2,4.42,292.93,98.36,690202.0,335178.0,355012.0,322810.0,210362.0,112441.0,46.77,117490.0,19913.0,137403.0,52873.0,84526.0,382878.0,197908.0,184962.0,382878.0,1082416,48122,149536,49087,57631,42818,149536.0,120847.0,15099.0,13590.0,785.0,5959.0,140956.0,1836.0,149536.0,71885.0,42534.0,149536.0,120845.0,5803.0,22888.0,149536.0,139002.0,3020.0,7026.0,54444.0,139327.0,9721.0,149048.0
kp_upper_kohistan,KP,5440.0,422947.0,216184.0,206759.0,4.0,0.0,422947.0,307286.0,5.48,5.9,0.0,77.75,104.56,214826.0,109721.0,105101.0,40933.0,30128.0,10804.0,19.05,106826.0,3228.0,110054.0,51778.0,58274.0,138682.0,72178.0,66501.0,138682.0,374183,10169,63712,5117,27517,31078,63712.0,13322.0,7904.0,42486.0,211.0,54.0,60629.0,2818.0,63712.0,16621.0,14647.0,63712.0,27956.0,8442.0,27314.0,63712.0,59494.0,516.0,3296.0,31484.0,60030.0,3276.0,63306.0
pb_attock,PB,6857.0,2170423.0,1089655.0,1080687.0,81.0,623984.0,1546439.0,1886378.0,2.37,6.1,28.75,316.53,100.83,1659542.0,834144.0,825317.0,1165399.0,664721.0,500631.0,70.22,45514.0,51281.0,96795.0,45913.0,50879.0,545305.0,274847.0,270452.0,545305.0,2133005,91912,353973,300730,37407,15836,353973.0,340043.0,7536.0,6394.0,187997.0,11866.0,150967.0,3143.0,353973.0,334155.0,278201.0,353973.0,328013.0,8738.0,17222.0,353973.0,288757.0,41659.0,9428.0,36906.0,324353.0,15491.0,339844.0
pb_bahawalnagar,PB,8878.0,3550342.0,1845493.0,1704479.0,370.0,974118.0,2576224.0,2975656.0,3.0,6.3,27.44,399.9,108.27,2572990.0,1336838.0,1235782.0,1466956.0,849522.0,617265.0,57.01,231808.0,113073.0,344881.0,180401.0,164457.0,1079904.0,575567.0,504306.0,,3544911,148459,557616,383565,98387,75664,557616.0,517983.0,8001.0,31632.0,44591.0,27864.0,430980.0,54181.0,557616.0,518200.0,384349.0,557616.0,446194.0,13973.0,97449.0,557616.0,478044.0,28314.0,37928.0,165235.0,525556.0,18730.0,544286.0
pb_bahawalpur,PB,24830.0,4284964.0,2174995.0,2109500.0,469.0,1619321.0,2665643.0,3669176.0,2.63,6.3,37.79,172.57,103.1,3033056.0,1544062.0,1488525.0,1618280.0,917138.0,700943.0,53.35,375981.0,111783.0,487764.0,240398.0,247339.0,1268396.0,642265.0,626087.0,,4264457,157181,673437,501686,128953,42798,673437.0,627125.0,8758.0,37554.0,146615.0,23061.0,486539.0,17222.0,673437.0,652974.0,523870.0,673437.0,568888.0,13411.0,91138.0,673437.0,596970.0,40181.0,22040.0,201496.0,633084.0,26107.0,659191.0
pb_bhakkar,PB,8153.0,1957470.0,1016361.0,941032.0,77.0,352434.0,1605036.0,1647852.0,2.92,6.2,18.0,240.09,108.0,1363047.0,701466.0,661504.0,758886.0,468657.0,290207.0,55.68,104265.0,50087.0,154352.0,71909.0,82438.0,537938.0,281079.0,256852.0,537938.0,1956971,94200,313311,225505,48220,39586,313311.0,277723.0,13570.0,22018.0,12109.0,7280.0,274586.0,19336.0,313311.0,310053.0,306864.0,313311.0,254704.0,5488.0,53119.0,313311.0,290071.0,8596.0,10869.0,98006.0,302093.0,7443.0,309536.0
pb_chakwal,PB,6525.0,1734854.0,864029.0,870736.0,89.0,434805.0,1300049.0,1495463.0,2.51,6.0,25.06,265.88,99.23,1333288.0,663978.0,669221.0,1037126.0,571819.0,465260.0,77.79,26389.0,34398.0,60787.0,29228.0,31550.0,411817.0,212306.0,199501.0,411817.0,1731689,86432,288838,255217,24691,8930,288838.0,280118.0,4888.0,3832.0,88152.0,25539.0,170895.0,4252.0,288838.0,275440.0,234788.0,288838.0,264076.0,7848.0,16914.0,288838.0,258934.0,20290.0,7134.0,22249.0,269458.0,16900.0,286358.0
pb_chiniot,PB,2643.0,1563024.0,790731.0,772126.0,167.0,491672.0,1071352.0,1368659.0,2.24,6.0,31.46,591.38,102.41,1145954.0,580797.0,564990.0,630806.0,375451.0,255302.0,55.05,85757.0,43073.0,128830.0,57329.0,71495.0,452346.0,228491.0,223847.0,452346.0,1563024,59679,256438,199798,33514,23126,256438.0,241660.0,3841.0,10937.0,63177.0,5561.0,166475.0,21225.0,256438.0,252125.0,224924.0,256438.0,176596.0,5486.0,74356.0,256438.0,217875.0,16012.0,19665.0,79252.0,242526.0,11026.0,253552.0
pb_dera_ghazi_khan,PB,11922.0,3393705.0,1712930.0,1680654.0,121.0,807412.0,2586293.0,2872631.0,2.83,7.4,23.79,284.66,101.92,2235453.0,1128955.0,1106377.0,1045814.0,634140.0,411623.0,46.78,429447.0,85518.0,514965.0,232228.0,282729.0,1098819.0,558119.0,540691.0,,3386575,117462,454464,241554,70990,141920,454464.0,366969.0,45273.0,42222.0,54723.0,13681.0,369099.0,16961.0,454464.0,414669.0,289171.0,454464.0,319937.0,15841.0,118686.0,454464.0,421954.0,21481.0,6985.0,165690.0,437547.0,12873.0,450420.0
pb_faisalabad,PB,5857.0,9075819.0,4731224.0,4343633.0,962.0,4392979.0,4682840.0,7882444.0,2.38,6.5,48.4,1549.57,108.92,6865192.0,3592376.0,3271854.0,5040010.0,2778247.0,2261339.0,73.41,260794.0,218304.0,479098.0,246881.0,232183.0,2409850.0,1252988.0,1156810.0,,9065306,325590,1382773,1237096,110218,35459,1382773.0,1353922.0,10873.0,17978.0,783910.0,70664.0,493228.0,34971.0,1382773.0,1286143.0,464914.0,1382773.0,1287363.0,22274.0,73136.0,1382773.0,1143970.0,193265.0,29527.0,285470.0,1308747.0,58015.0,1366762.0
pb_gujranwala,PB,3622.0,5959750.0,3028290.0,2930923.0,537.0,3593971.0,2365779.0,5011066.0,2.94,7.0,60.3,1645.43,103.32,4345898.0,2215113.0,2130248.0,3336551.0,1730925.0,1605363.0,76.77,167508.0,154459.0,321967.0,179171.0,142762.0,1606233.0,810161.0,796026.0,,5940173,176017,849177,741932,89444,17801,849177.0,836739.0,7562.0,4876.0,630436.0,54382.0,111372.0,52987.0,849177.0,841395.0,658143.0,849177.0,821732.0,14446.0,12999.0,849177.0,716119.0,107582.0,16160.0,102975.0,806383.0,33478.0,839861.0
pb_gujrat,PB,3192.0,3219375.0,1608221.0,1610964.0,190.0,1324264.0,1895111.0,2756289.0,2.63,6.5,41.13,1008.58,99.83,2498174.0,1248477.0,1249507.0,2032866.0,1058814.0,973963.0,81.37,49903.0,68301.0,118204.0,67627.0,50567.0,814338.0,406070.0,408254.0,814338.0,3216000,118220,489337,428939,49864,10534,489337.0,482109.0,3983.0,3245.0,246658.0,97699.0,135002.0,9978.0,489337.0,484430.0,329488.0,489337.0,468668.0,6631.0,14038.0,489337.0,419515.0,45581.0,17572.0,47495.0,451203.0,31465.0,482668.0
pb_hafizabad,PB,2367.0,1319909.0,670023.0,649826.0,60.0,504380.0,815529.0,1156954.0,2.23,6.6,38.21,557.63,103.11,988643.0,503732.0,484851.0,650199.0,356143.0,294039.0,65.77,46083.0,32684.0,78767.0,41942.0,36822.0,362637.0,181812.0,180820.0,362637.0,1319651,40672,197206,153252,35941,8013,197206.0,193493.0,1568.0,2145.0,145717.0,1870.0,43220.0,6399.0,197206.0,186823.0,142983.0,197206.0,176929.0,3324.0,16953.0,197206.0,174481.0,11310.0,9674.0,33764.0,188591.0,6874.0,195465.0
pb_jhang,PB,6166.0,3065639.0,1585616.0,1479771.0,252.0,800926.0,2264713.0,2743526.0,1.87,6.2,26.13,497.18,107.15,2228470.0,1151782.0,1076436.0,1324823.0,795729.0,529005.0,59.45,157484.0,88279.0,245763.0,116272.0,129482.0,900290.0,471054.0,429222.0,900290.0,3065639,132964,491999,397371,54624,40004,491999.0,454810.0,8880.0,28309.0,82034.0,11276.0,375435.0,23254.0,491999.0,486121.0,454573.0,491999.0,377014.0,12683.0,102302.0,491999.0,446317.0,18673.0,21533.0,131512.0,468853.0,17670.0,486523.0
pb_jhelum,PB,3587.0,1382308.0,703667.0,678543.0,98.0,541318.0,840990.0,1222403.0,2.08,6.0,39.16,385.37,103.7,1081370.0,550952.0,530320.0,872137.0,476870.0,395224.0,80.65,14375.0,27742.0,42117.0,21335.0,20782.0,329902.0,170711.0,159189.0,329902.0,1366297,67316,229064,188131,33876,7057,229064.0,224574.0,2391.0,2099.0,42313.0,67504.0,117362.0,1885.0,229064.0,218939.0,178752.0,229064.0,211985.0,4381.0,12698.0,229064.0,194438.0,22336.0,6514.0,22990.0,209173.0,14115.0,223288.0
pb_kasur,PB,3995.0,4084286.0,2087217.0,1996670.0,399.0,1243882.0,2840404.0,3454881.0,2.84,6.3,30.46,1022.35,104.53,2934580.0,1508373.0,1425808.0,1844344.0,1025251.0,818963.0,62.85,173561.0,100801.0,274362.0,140530.0,133792.0,1163658.0,585126.0,578487.0,,4081568,108621,645308,540354,79275,25679,645308.0,632923.0,5001.0,7384.0,171732.0,25556.0,387429.0,60591.0,645308.0,631491.0,485439.0,645308.0,603103.0,9150.0,33055.0,645308.0,561490.0,49184.0,27449.0,224158.0,619082.0,19041.0,638123.0
pb_khanewal,PB,4349.0,3364077.0,1734655.0,1629036.0,386.0,716786.0,2647291.0,2920233.0,2.39,6.3,21.31,773.53,106.48,2456148.0,1263736.0,1192026.0,1497449.0,875310.0,621982.0,60.97,178554.0,91465.0,270019.0,132096.0,137897.0,971318.0,507228.0,464061.0,971318.0,3363589,119105,526196,420871,58097,47228,526196.0,505318.0,4355.0,16523.0,127058.0,11552.0,376727.0,10859.0,526196.0,518533.0,480674.0,526196.0,461957.0,12133.0,52106.0,526196.0,463466.0,26437.0,29336.0,133050.0,498701.0,20538.0,519239.0
pb_khushab,PB,6511.0,1501089.0,768126.0,732914.0,49.0,418745.0,1082344.0,1280372.0,2.69,6.0,27.9,230.55,104.8,1129307.0,573693.0,555565.0,706088.0,433665.0,272402.0,62.52,49464.0,35345.0,84809.0,39228.0,45579.0,381233.0,199380.0,181850.0,381233.0,1500835,62373,248304,176020,55494,16790,248304.0,221269.0,9139.0,17896.0,40837.0,6950.0,184779.0,15738.0,248304.0,235331.0,156678.0,248304.0,203503.0,5964.0,38837.0,248304.0,222212.0,11600.0,9422.0,53030.0,233470.0,9764.0,243234.0
pb_lahore,PB,1772.0,13004135.0,6881801.0,6118958.0,3376.0,13004135.0,0.0,11119985.0,2.65,6.4,100.0,7338.68,112.47,9746671.0,5199226.0,4544069.0,7760203.0,4232823.0,3525779.0,79.62,422746.0,295453.0,718199.0,390124.0,327913.0,3347768.0,1748494.0,1599073.0,,12978661,403707,2010225,1935611,35577,39037,2010225.0,1972051.0,21580.0,16594.0,1700707.0,150393.0,124237.0,34888.0,2010225.0,1970577.0,1284670.0,2010225.0,1921046.0,52476.0,36703.0,2010225.0,1343960.0,576294.0,46196.0,381517.0,1871363.0,95087.0,1966450.0
pb_layyah,PB,6289.0,2102386.0,1082922.0,1019375.0,89.0,386282.0,1716104.0,1823995.0,2.4,6.1,18.37,334.3,106.23,1497639.0,770830.0,726720.0,926057.0,546629.0,379393.0,61.83,86915.0,58292.0,145207.0,67474.0,77731.0,617700.0,319041.0,298657.0,617700.0,2102361,91499,341131,267120,39943,34068,341131.0,291515.0,20351.0,29265.0,20429.0,14967.0,297374.0,8361.0,341131.0,336363.0,319746.0,341131.0,294042.0,6382.0,40707.0,341131.0,317812.0,11126.0,7652.0,126981.0,328814.0,7776.0,336590.0
pb_lodhran,PB,2778.0,1928299.0,997846.0,930336.0,117.0,325053.0,1603246.0,1699693.0,2.13,5.9,16.86,694.13,107.26,1385693.0,715964.0,669612.0,716142.0,434093.0,282014.0,51.68,156335.0,57911.0,214246.0,108815.0,105429.0,578716.0,303903.0,274810.0,578716.0,1926357,42812,323866,246571,50293,27002,323866.0,309294.0,2589.0,11983.0,34907.0,6141.0,251882.0,30936.0,323866.0,312562.0,251892.0,323866.0,277767.0,7364.0,38735.0,323866.0,301858.0,9332.0,9400.0,108191.0,308865.0,11725.0,320590.0
pb_mandi_bahauddin,PB,2673.0,1829486.0,917125.0,912222.0,139.0,346141.0,1483345.0,1594039.0,2.33,6.3,18.92,684.43,100.54,1371605.0,681607.0,689859.0,963813.0,510487.0,453262.0,70.27,65590.0,44809.0,110399.0,58793.0,51604.0,485914.0,250639.0,235268.0,485914.0,1829152,73069,285989,225613,50747,9629,285989.0,280407.0,2089.0,3493.0,100920.0,25918.0,154573.0,4578.0,285989.0,280729.0,165495.0,285989.0,248405.0,6741.0,30843.0,285989.0,250561.0,17013.0,14133.0,46893.0,267294.0,14413.0,281707.0
pb_mianwali,PB,5840.0,1798268.0,918115.0,880088.0,65.0,363453.0,1434815.0,1542601.0,2.6,6.0,20.21,307.92,104.32,1341380.0,682386.0,658929.0,843309.0,529419.0,313855.0,62.87,88545.0,39701.0,128246.0,52484.0,75757.0,481666.0,250716.0,230944.0,481666.0,1795897,93835,296339,214514,51717,30108,296339.0,270901.0,11544.0,13894.0,40901.0,5244.0,237732.0,12462.0,296339.0,278416.0,250062.0,296339.0,259254.0,10880.0,26205.0,296339.0,265144.0,12486.0,9226.0,69104.0,276264.0,10592.0,286856.0
pb_multan,PB,3720.0,5362305.0,2730613.0,2631285.0,407.0,2499871.0,2862434.0,4746166.0,2.06,6.0,46.62,1441.48,103.77,3942603.0,2016663.0,1925533.0,2421172.0,1356823.0,1064216.0,61.41,337567.0,137809.0,475376.0,224165.0,251187.0,1523030.0,769247.0,753754.0,,5340762,151125,886392,686034,118358,82000,886392.0,863945.0,5641.0,16806.0,407704.0,38414.0,414045.0,26229.0,886392.0,867724.0,734931.0,886392.0,795090.0,17900.0,73402.0,886392.0,742572.0,100800.0,29267.0,276151.0,831506.0,41133.0,872639.0
pb_muzaffargarh,PB,8249.0,5015325.0,2546877.0,2468339.0,109.0,946794.0,4068531.0,4328549.0,2.49,6.2,18.88,607.99,103.18,3394476.0,1729200.0,1665167.0,1628943.0,967451.0,661460.0,47.99,567526.0,143107.0,710633.0,330195.0,380421.0,1612700.0,816855.0,795822.0,,5012124,178440,804438,488335,157996,158107,804438.0,732759.0,16639.0,55040.0,87216.0,9737.0,670147.0,37338.0,804438.0,796037.0,756301.0,804438.0,611886.0,22621.0,169931.0,804438.0,763265.0,20523.0,10770.0,374331.0,770387.0,24171.0,794558.0
pb_nankana_sahib,PB,2216.0,1634871.0,831931.0,802859.0,81.0,323388.0,1311483.0,1354986.0,3.19,6.6,19.78,737.76,103.62,1206271.0,616244.0,589946.0,761403.0,421385.0,339988.0,63.12,69456.0,38983.0,108439.0,53401.0,55036.0,465269.0,234410.0,230855.0,465269.0,1634871,37175,246956,185031,45307,16618,246956.0,242186.0,2053.0,2717.0,96876.0,7387.0,116433.0,26260.0,246956.0,228307.0,80874.0,246956.0,222957.0,4025.0,19974.0,246956.0,213764.0,17523.0,13606.0,57276.0,235603.0,9290.0,244893.0
pb_narowal,PB,2337.0,1950954.0,996445.0,954424.0,85.0,349095.0,1601859.0,1707575.0,2.25,6.9,17.89,834.81,104.4,1455970.0,742754.0,713131.0,1096110.0,593368.0,502706.0,75.28,36037.0,42997.0,79034.0,43446.0,35586.0,545719.0,279521.0,266191.0,545719.0,1950769,59839,281536,233108,38641,9787,281536.0,278132.0,2095.0,1309.0,39184.0,19348.0,140540.0,82464.0,281536.0,278211.0,240332.0,281536.0,265022.0,4014.0,12500.0,281536.0,265038.0,12205.0,3221.0,37692.0,261779.0,18685.0,280464.0
pb_okara,PB,4377.0,3515490.0,1789744.0,1725411.0,335.0,1187504.0,2327986.0,3040826.0,2.45,6.3,33.78,803.17,103.73,2544906.0,1301286.0,1243285.0,1533378.0,865568.0,667714.0,60.25,170393.0,94496.0,264889.0,131165.0,133715.0,999342.0,503814.0,495513.0,999342.0,3503451,87309,549724,453858,59375,36491,549724.0,535069.0,4689.0,9966.0,199335.0,11496.0,276230.0,62663.0,549724.0,539105.0,415744.0,549724.0,490449.0,9222.0,50053.0,549724.0,465543.0,34977.0,38086.0,163754.0,518712.0,19894.0,538606.0
pb_pakpattan,PB,2724.0,2136170.0,1085316.0,1050694.0,160.0,472575.0,1663595.0,1824228.0,2.67,6.1,22.12,784.2,103.3,1521954.0,775423.0,746371.0,869422.0,501669.0,367701.0,57.13,110205.0,65804.0,176009.0,84572.0,91429.0,612384.0,309421.0,302954.0,612384.0,2135511,67500,344546,273335,41115,30096,344546.0,333125.0,2353.0,9068.0,32750.0,14721.0,224631.0,72444.0,344546.0,330777.0,288629.0,344546.0,294982.0,7892.0,41672.0,344546.0,296385.0,17513.0,26580.0,124184.0,326857.0,13621.0,340478.0
pb_rahim_yar_khan,PB,11880.0,5564703.0,2896819.0,2667333.0,551.0,1342252.0,4222451.0,4807762.0,2.47,6.7,24.12,468.41,108.6,3877479.0,2014718.0,1862210.0,1858774.0,1110952.0,747667.0,47.94,646200.0,135730.0,781930.0,397257.0,384649.0,1706786.0,904137.0,802621.0,,5561720,210132,826942,557630,173774,95538,826942.0,747815.0,17929.0,61198.0,168406.0,16572.0,607097.0,34867.0,826942.0,804941.0,570895.0,826942.0,685407.0,23874.0,117661.0,826942.0,725740.0,47199.0,40495.0,281513.0,787833.0,25601.0,813434.0
pb_rajanpur,PB,12318.0,2381049.0,1209183.0,1171748.0,118.0,631223.0,1749826.0,1996039.0,2.99,6.7,26.51,193.3,103.19,1507085.0,768805.0,738162.0,543915.0,335833.0,208040.0,36.09,398135.0,44684.0,442819.0,207550.0,235255.0,786237.0,400478.0,385744.0,786237.0,2323980,83988,354016,141395,59668,152953,354016.0,203209.0,40353.0,110454.0,3916.0,17766.0,310933.0,21401.0,354016.0,317781.0,271338.0,354016.0,204808.0,15995.0,133213.0,354016.0,321090.0,12142.0,13242.0,199690.0,336932.0,9542.0,346474.0
pb_rawalpindi,PB,5285.0,6118911.0,3109807.0,3007760.0,1344.0,4210785.0,1908126.0,5402380.0,2.1,6.1,68.82,1157.79,103.39,4696941.0,2399059.0,2296538.0,3909007.0,2108785.0,1799459.0,83.22,118738.0,120677.0,239415.0,120831.0,118566.0,1536804.0,770467.0,766304.0,,6058540,267966,998000,954371,28504,15125,998000.0,982345.0,8865.0,6790.0,699289.0,73361.0,217507.0,7843.0,998000.0,925431.0,608526.0,998000.0,947903.0,26351.0,23746.0,998000.0,670535.0,261871.0,23384.0,82555.0,907535.0,48255.0,955790.0
pb_sahiwal,PB,3201.0,2881811.0,1460748.0,1420910.0,153.0,757631.0,2124180.0,2513011.0,2.31,6.4,26.29,900.28,102.8,2105939.0,1069760.0,1036026.0,1364032.0,760123.0,603862.0,64.77,138672.0,71089.0,209761.0,96368.0,113382.0,785281.0,396221.0,389045.0,785281.0,2878122,112197,446606,394320,31953,20333,446606.0,430605.0,3891.0,12110.0,100975.0,23891.0,306549.0,15191.0,446606.0,438237.0,335800.0,446606.0,397106.0,8635.0,40865.0,446606.0,388846.0,32082.0,18021.0,100678.0,419706.0,19243.0,438949.0
pb_sargodha,PB,5856.0,4334448.0,2194156.0,2139911.0,381.0,1609587.0,2724861.0,3696212.0,2.7,6.3,37.13,740.17,102.53,3237620.0,1643269.0,1593970.0,2160405.0,1209928.0,950372.0,66.73,118799.0,107874.0,226673.0,115053.0,111608.0,1162679.0,585144.0,577518.0,,4327263,202525,684321,466251,168783,49287,684321.0,657987.0,8541.0,17793.0,292459.0,16576.0,361281.0,14005.0,684321.0,660905.0,447926.0,684321.0,578632.0,13018.0,92671.0,684321.0,576976.0,55899.0,39056.0,174083.0,646045.0,25886.0,671931.0
pb_sheikhupura,PB,3744.0,4049418.0,2079378.0,1969434.0,606.0,1550793.0,2498625.0,3460004.0,2.66,6.8,38.3,1081.58,105.58,2962186.0,1531281.0,1430299.0,2040443.0,1103909.0,936282.0,68.88,163103.0,98973.0,262076.0,135850.0,126151.0,1127787.0,567885.0,559792.0,,4049377,107514,593260,513119,65484,14657,593260.0,583434.0,5169.0,4657.0,321416.0,50960.0,171768.0,49116.0,593260.0,577250.0,422150.0,593260.0,569941.0,9699.0,13620.0,593260.0,503979.0,69628.0,13536.0,113649.0,567682.0,19461.0,587143.0
pb_sialkot,PB,3016.0,4499394.0,2277939.0,2220596.0,859.0,1481968.0,3017426.0,3894938.0,2.44,6.7,32.94,1491.84,102.58,3356203.0,1690244.0,1665100.0,2630257.0,1356195.0,1273863.0,78.37,61424.0,92136.0,153560.0,87658.0,65510.0,1215076.0,627203.0,587460.0,,4472462,128725,671320,604148,51414,15758,671320.0,661303.0,5458.0,4559.0,382226.0,73327.0,118266.0,97501.0,671320.0,664795.0,411849.0,671320.0,644597.0,10291.0,16432.0,671320.0,579501.0,72419.0,12417.0,84475.0,621830.0,42507.0,664337.0
pb_toba_tek_singh,PB,3252.0,2524044.0,1295646.0,1228162.0,236.0,563525.0,1960519.0,2190602.0,2.4,6.4,22.33,776.15,105.49,1902553.0,976155.0,926162.0,1358123.0,745527.0,612486.0,71.38,75894.0,66496.0,142390.0,75438.0,66948.0,685631.0,354660.0,330966.0,685631.0,2524044,101291,393896,338172,36312,19412,393896.0,380659.0,3581.0,9656.0,148949.0,9287.0,225954.0,9706.0,393896.0,379724.0,264396.0,393896.0,353149.0,11178.0,29569.0,393896.0,352289.0,23079.0,12569.0,73856.0,368546.0,19391.0,387937.0
pb_vehari,PB,4364.0,3430421.0,1734732.0,1695250.0,439.0,782915.0,2647506.0,2902081.0,2.83,6.3,22.82,786.07,102.33,2487435.0,1261062.0,1225934.0,1470060.0,837763.0,632176.0,59.1,214027.0,93356.0,307383.0,149080.0,158243.0,968089.0,487250.0,480778.0,968089.0,3428191,80187,543036,460560,53884,28592,543036.0,524787.0,4330.0,13919.0,77259.0,23952.0,407202.0,34623.0,543036.0,528449.0,444737.0,543036.0,476446.0,15065.0,51525.0,543036.0,487643.0,26462.0,22843.0,129934.0,515154.0,21794.0,536948.0
sd_badin,SD,6858.0,1947081.0,1012854.0,934153.0,74.0,429849.0,1517232.0,1804958.0,1.27,4.8,22.08,283.91,108.42,1319868.0,686776.0,633018.0,483693.0,319073.0,164601.0,36.65,352143.0,29241.0,381384.0,176681.0,204686.0,622448.0,330985.0,291444.0,622448.0,1945417,39454,397892,87240,28215,282437,397892.0,159443.0,47455.0,190994.0,46925.0,690.0,328230.0,22047.0,397892.0,355209.0,193645.0,397892.0,127750.0,70829.0,199313.0,397892.0,352341.0,6540.0,25495.0,338091.0,372740.0,11636.0,384376.0
sd_dadu,SD,7866.0,1742320.0,883793.0,858441.0,86.0,439034.0,1303286.0,1550390.0,1.97,5.1,25.2,221.5,102.95,1199047.0,610243.0,588718.0,565078.0,337219.0,227827.0,47.13,224780.0,43051.0,267831.0,123002.0,144818.0,564332.0,286127.0,278192.0,564332.0,1742307,29596,340471,104661,55091,180719,340471.0,210779.0,87058.0,42634.0,72814.0,1114.0,199899.0,66644.0,340471.0,316805.0,199032.0,340471.0,274924.0,62209.0,3338.0,340471.0,314375.0,15903.0,6272.0,229184.0,323691.0,12859.0,336550.0
sd_ghotki,SD,6083.0,1772609.0,920328.0,852234.0,47.0,379382.0,1393227.0,1648708.0,1.22,5.3,21.4,291.4,107.99,1196515.0,622175.0,574293.0,495061.0,344176.0,150871.0,41.38,292499.0,27980.0,320479.0,135342.0,185128.0,576610.0,304868.0,271732.0,576610.0,1760761,33663,331046,142217,51569,137260,331046.0,151117.0,100951.0,78978.0,64368.0,856.0,246119.0,19703.0,331046.0,323310.0,286721.0,331046.0,186370.0,33430.0,111246.0,331046.0,297947.0,14471.0,13934.0,247891.0,320074.0,6278.0,326352.0
sd_hyderabad,SD,993.0,2432540.0,1289279.0,1143090.0,171.0,2022379.0,410161.0,2199928.0,1.69,5.4,83.14,2449.69,112.79,1773727.0,942439.0,831117.0,1192087.0,667776.0,524246.0,67.21,162642.0,48810.0,211452.0,110710.0,100728.0,635027.0,339388.0,295621.0,635027.0,2432540,70624,448191,374845,26438,46908,448191.0,408281.0,12650.0,27260.0,338014.0,7413.0,94280.0,8484.0,448191.0,431140.0,323555.0,448191.0,404210.0,26119.0,17862.0,448191.0,325964.0,84303.0,22718.0,198426.0,412623.0,20362.0,432985.0
sd_jacobabad,SD,2698.0,1174097.0,595787.0,578201.0,109.0,361917.0,812180.0,1007009.0,2.6,6.0,30.83,435.17,103.04,727254.0,368814.0,358331.0,307946.0,190922.0,116984.0,42.34,233665.0,23508.0,257173.0,115825.0,141336.0,414790.0,212405.0,202371.0,414790.0,1174097,25460,195056,54912,27875,112269,195056.0,100774.0,57463.0,36819.0,34608.0,1153.0,110774.0,48521.0,195056.0,184019.0,86255.0,195056.0,106249.0,31874.0,56933.0,195056.0,152997.0,9503.0,23431.0,130394.0,180666.0,5265.0,185931.0
sd_jamshoro,SD,11204.0,1117308.0,578036.0,539205.0,67.0,521746.0,595562.0,993908.0,1.98,5.2,46.7,99.72,107.2,785657.0,408666.0,376924.0,389886.0,232968.0,156895.0,49.63,147739.0,21684.0,169423.0,85021.0,84396.0,344372.0,177831.0,166533.0,344372.0,1117216,24339,213493,119466,25955,68072,213493.0,137032.0,34877.0,41584.0,76264.0,2387.0,123716.0,11126.0,213493.0,187781.0,92594.0,213493.0,146948.0,27578.0,38967.0,213493.0,181014.0,17589.0,6580.0,133085.0,198263.0,6920.0,205183.0
sd_kambar_shahdad_kot,SD,5475.0,1514869.0,791116.0,723710.0,43.0,421865.0,1093004.0,1338035.0,2.1,5.6,27.85,276.69,109.31,987214.0,513589.0,473582.0,395091.0,251351.0,143727.0,40.02,248926.0,31630.0,280556.0,135855.0,144692.0,506003.0,270180.0,235811.0,506003.0,1514869,20214,267553,80725,44249,142579,267553.0,115361.0,111531.0,40661.0,50604.0,656.0,109415.0,106878.0,267553.0,246983.0,121078.0,267553.0,155664.0,62585.0,49304.0,267553.0,242437.0,8504.0,12383.0,165995.0,254155.0,9169.0,263324.0
sd_karachi_central,SD,69.0,3822325.0,2019115.0,1802647.0,563.0,3822325.0,0.0,2971382.0,4.3,5.8,100.0,55396.01,112.01,2922005.0,1548209.0,1373233.0,2441433.0,1297711.0,1143494.0,83.55,118209.0,104616.0,222825.0,124188.0,98603.0,983275.0,521285.0,461946.0,983275.0,3820388,117476,651268,628188,17715,5365,651268.0,645540.0,3744.0,1984.0,637338.0,5294.0,6009.0,2627.0,651268.0,640240.0,476005.0,651268.0,634411.0,13897.0,2960.0,651268.0,368679.0,256948.0,16721.0,107609.0,580069.0,62279.0,642348.0
sd_karachi_east,SD,139.0,3921742.0,2084719.0,1836597.0,426.0,3921742.0,0.0,2875315.0,5.32,5.9,100.0,28213.97,113.51,2980142.0,1590691.0,1389025.0,2386145.0,1293452.0,1092466.0,80.07,197375.0,88664.0,286039.0,166377.0,119632.0,1045862.0,558450.0,487375.0,1045862.0,3913656,121796,659389,616634,25307,17448,659389.0,644999.0,6813.0,7577.0,607341.0,20245.0,25694.0,6109.0,659389.0,641022.0,430977.0,659389.0,622592.0,25105.0,11692.0,659389.0,377550.0,250560.0,11825.0,107677.0,586756.0,53179.0,639935.0
sd_karachi_south,SD,122.0,2329764.0,1240860.0,1088520.0,384.0,2329764.0,0.0,1769230.0,4.71,5.4,100.0,19096.43,114.0,1842717.0,987696.0,854637.0,1447743.0,797663.0,649923.0,78.57,97879.0,57359.0,155238.0,77287.0,77946.0,598158.0,315384.0,282768.0,598158.0,2329764,67812,425093,413861,7398,3834,425093.0,420044.0,2694.0,2355.0,377339.0,35714.0,7932.0,4108.0,425093.0,417644.0,298606.0,425093.0,410465.0,12169.0,2459.0,425093.0,242706.0,160029.0,5315.0,92433.0,376539.0,31511.0,408050.0
sd_karachi_west,SD,370.0,2679380.0,1415431.0,1263752.0,197.0,2430428.0,248952.0,2077228.0,4.35,5.7,90.71,7241.57,112.0,2005821.0,1066611.0,939013.0,1352477.0,743994.0,608389.0,67.43,227086.0,71832.0,298918.0,150805.0,148107.0,768578.0,402334.0,366233.0,768578.0,2679380,54306,464756,419868,36598,8290,464756.0,445924.0,8802.0,10030.0,377753.0,33445.0,48802.0,4756.0,464756.0,450262.0,298747.0,464756.0,443773.0,15588.0,5395.0,464756.0,311253.0,142815.0,8869.0,103631.0,426911.0,36026.0,462937.0
sd_kashmore,SD,2580.0,1233957.0,628265.0,605646.0,46.0,271782.0,962175.0,1090336.0,2.09,5.9,22.03,478.28,103.73,748032.0,381356.0,366630.0,266194.0,171906.0,94281.0,35.59,289599.0,14637.0,304236.0,143428.0,160804.0,434870.0,223762.0,211103.0,434870.0,1233957,25679,208894,52435,22512,133947,208894.0,91811.0,57124.0,59959.0,27048.0,526.0,140187.0,41133.0,208894.0,201325.0,177935.0,208894.0,103009.0,40414.0,65471.0,208894.0,174185.0,11739.0,14074.0,144135.0,196511.0,3487.0,199998.0
sd_keamari,SD,559.0,2068451.0,1100626.0,967613.0,212.0,2068451.0,0.0,1829837.0,2.07,6.4,100.0,3700.27,113.75,1521192.0,817419.0,703561.0,944213.0,546545.0,397607.0,62.07,201075.0,50580.0,251655.0,125817.0,125825.0,604097.0,316871.0,287209.0,604097.0,2066574,40393,319121,295235,19630,4256,319121.0,311530.0,4776.0,2815.0,269053.0,21105.0,25737.0,3226.0,319121.0,302513.0,122386.0,319121.0,302537.0,12267.0,4317.0,319121.0,198739.0,108976.0,3521.0,87264.0,297085.0,14151.0,311236.0
sd_khairpur,SD,15910.0,2597535.0,1315925.0,1281472.0,138.0,844263.0,1753272.0,2405190.0,1.29,5.7,32.5,163.26,102.69,1706188.0,865626.0,840424.0,855550.0,535309.0,320202.0,50.14,318886.0,48480.0,367366.0,156825.0,210523.0,828911.0,421313.0,407577.0,828911.0,2597448,64938,452250,163886,65921,222443,452250.0,237916.0,124244.0,90090.0,101564.0,1540.0,337657.0,11489.0,452250.0,439790.0,376873.0,452250.0,264928.0,59029.0,128293.0,452250.0,416691.0,14502.0,14837.0,295762.0,433417.0,12613.0,446030.0
sd_korangi,SD,108.0,3128971.0,1650172.0,1478133.0,666.0,3128971.0,0.0,2577556.0,3.29,6.3,100.0,28971.95,111.64,2312200.0,1228444.0,1083090.0,1846470.0,998315.0,847916.0,79.86,187256.0,103945.0,291201.0,153120.0,138030.0,904703.0,474540.0,430098.0,904703.0,3127976,70150,493050,475536,11296,6218,493050.0,487964.0,2948.0,2138.0,476582.0,9788.0,4605.0,2075.0,493050.0,482881.0,272562.0,493050.0,480174.0,9846.0,3030.0,493050.0,307258.0,166150.0,14943.0,109975.0,451037.0,37314.0,488351.0
sd_larkana,SD,1948.0,1784453.0,932604.0,851732.0,117.0,798151.0,986302.0,1521786.0,2.7,5.5,44.73,916.04,109.5,1215006.0,633489.0,581400.0,675353.0,413918.0,261401.0,55.58,208434.0,44519.0,252953.0,118172.0,134774.0,567087.0,301782.0,265297.0,567087.0,1784453,22423,321528,150538,49251,121739,321528.0,221259.0,76424.0,23845.0,148652.0,1992.0,106568.0,64316.0,321528.0,318020.0,305197.0,321528.0,264082.0,35939.0,21507.0,321528.0,280888.0,30482.0,5496.0,154561.0,307508.0,9358.0,316866.0
sd_malir,SD,2160.0,2432248.0,1288599.0,1143424.0,225.0,1166340.0,1265908.0,1924346.0,3.99,5.7,47.95,1126.04,112.7,1795564.0,961923.0,833416.0,1133717.0,651570.0,482065.0,63.14,234763.0,56810.0,291573.0,148149.0,143410.0,697323.0,361367.0,335936.0,697323.0,2419736,46420,421426,384794,19273,17359,421426.0,383812.0,20393.0,17221.0,319232.0,25368.0,73097.0,3729.0,421426.0,408301.0,291337.0,421426.0,378196.0,27550.0,15680.0,421426.0,264495.0,133667.0,9077.0,138193.0,390324.0,16915.0,407239.0
sd_matiari,SD,1417.0,849383.0,430096.0,419262.0,25.0,202673.0,646710.0,770040.0,1.65,5.3,23.86,599.42,102.58,582611.0,295460.0,287126.0,267295.0,166462.0,100825.0,45.88,111604.0,18086.0,129690.0,59424.0,70261.0,259358.0,131836.0,127517.0,259358.0,849351,18327,158463,75547,20247,62669,158463.0,110093.0,15936.0,32434.0,42853.0,502.0,110733.0,4375.0,158463.0,154538.0,131194.0,158463.0,101725.0,16796.0,39942.0,158463.0,131312.0,3818.0,16994.0,119709.0,147728.0,4396.0,152124.0
sd_mirpur_khas,SD,2925.0,1681386.0,882057.0,799250.0,79.0,492175.0,1189211.0,1504440.0,1.88,5.3,29.27,574.83,110.36,1143427.0,598439.0,544909.0,518786.0,329388.0,189380.0,45.37,244738.0,22409.0,267147.0,120498.0,146644.0,524075.0,280490.0,243577.0,524075.0,1680980,31219,312986,104597,37923,170466,312986.0,179617.0,24689.0,108680.0,51671.0,5132.0,247014.0,9169.0,312986.0,250859.0,131409.0,312986.0,143778.0,43445.0,125763.0,312986.0,206538.0,14555.0,70799.0,217174.0,282298.0,9594.0,291892.0
sd_naushahro_feroze,SD,2946.0,1777082.0,901622.0,875385.0,75.0,507244.0,1269838.0,1612047.0,1.64,5.5,28.54,603.22,103.0,1196467.0,608482.0,587910.0,683795.0,411198.0,272568.0,57.15,166825.0,47838.0,214663.0,99496.0,115160.0,546159.0,276937.0,269211.0,546159.0,1776459,32652,319768,125417,66100,128251,319768.0,220706.0,60051.0,39011.0,89209.0,1180.0,215570.0,13809.0,319768.0,311355.0,297410.0,319768.0,232568.0,38644.0,48556.0,319768.0,288869.0,13358.0,12414.0,205409.0,306831.0,7810.0,314641.0
sd_sanghar,SD,10728.0,2308465.0,1172607.0,1135748.0,110.0,630782.0,1677683.0,2049873.0,2.01,5.6,27.32,215.18,103.25,1573709.0,801532.0,772067.0,687063.0,425659.0,261372.0,43.66,379577.0,39118.0,418695.0,186759.0,231919.0,739844.0,375990.0,363837.0,739844.0,2307831,49430,406937,149449,49605,207883,406937.0,208544.0,82867.0,115526.0,94868.0,2102.0,296430.0,13537.0,406937.0,373178.0,244851.0,406937.0,206088.0,44610.0,156239.0,406937.0,294882.0,20021.0,72773.0,275037.0,377030.0,10646.0,387676.0
sd_shaheed_benazirabad,SD,4502.0,1845102.0,936953.0,908082.0,67.0,598120.0,1246982.0,1613506.0,2.27,5.5,32.42,409.84,103.18,1238322.0,630036.0,608219.0,629794.0,384736.0,245031.0,50.86,217349.0,41867.0,259216.0,111152.0,148059.0,573424.0,291646.0,281773.0,573424.0,1844627,49557,334356,134116,46908,153332,334356.0,226009.0,65248.0,43099.0,86448.0,1718.0,234642.0,11548.0,334356.0,326687.0,268523.0,334356.0,208519.0,37027.0,88810.0,334356.0,272136.0,18769.0,31394.0,224735.0,313070.0,9229.0,322299.0
sd_shikarpur,SD,2512.0,1386330.0,700698.0,685587.0,45.0,318738.0,1067592.0,1233760.0,1.97,6.4,22.99,551.88,102.2,872141.0,440178.0,431918.0,381153.0,231483.0,149648.0,43.7,277073.0,29928.0,307001.0,146124.0,160867.0,487742.0,248525.0,239205.0,487742.0,1386330,29295,214824,63071,34253,117500,214824.0,153167.0,37782.0,23875.0,53307.0,750.0,122212.0,38555.0,214824.0,212909.0,197465.0,214824.0,146199.0,30743.0,37882.0,214824.0,193017.0,6978.0,10471.0,135031.0,205055.0,5411.0,210466.0
sd_sujawal,SD,8785.0,839292.0,437151.0,402109.0,32.0,88847.0,750445.0,779062.0,1.25,5.2,10.59,95.54,108.71,551765.0,289150.0,262583.0,149071.0,97430.0,51633.0,27.02,198234.0,9530.0,207764.0,102230.0,105531.0,277334.0,148437.0,128893.0,277334.0,839292,17998,158854,25024,5449,128381,158854.0,49451.0,21500.0,87903.0,13956.0,285.0,134642.0,9971.0,158854.0,127126.0,70005.0,158854.0,38915.0,40448.0,79491.0,158854.0,150826.0,1616.0,4085.0,136577.0,151927.0,4600.0,156527.0
sd_sukkur,SD,5165.0,1639897.0,870094.0,769729.0,74.0,814999.0,824898.0,1488372.0,1.63,6.1,49.7,317.5,113.04,1086116.0,574494.0,511548.0,632719.0,391238.0,241447.0,58.26,197290.0,39980.0,237270.0,112901.0,124363.0,519601.0,281987.0,237604.0,519601.0,1625467,34046,268588,143107,37844,87637,268588.0,184390.0,56354.0,27844.0,110859.0,2431.0,150457.0,4841.0,268588.0,258926.0,209064.0,268588.0,199703.0,29265.0,39620.0,268588.0,231944.0,21333.0,6117.0,156863.0,254126.0,5268.0,259394.0
sd_tando_allahyar,SD,1554.0,922012.0,468504.0,453487.0,21.0,285687.0,636325.0,838527.0,1.6,5.1,30.99,593.32,103.31,621796.0,316628.0,305147.0,247486.0,151412.0,96064.0,39.8,153128.0,17361.0,170489.0,79867.0,90619.0,287015.0,146001.0,141010.0,287015.0,922012,30020,177471,69813,19664,87994,177471.0,122508.0,7837.0,47126.0,48077.0,412.0,122482.0,6500.0,177471.0,171658.0,109779.0,177471.0,100545.0,18391.0,58535.0,177471.0,129912.0,6902.0,29888.0,135404.0,161628.0,5074.0,166702.0
sd_tando_muhammad_khan,SD,1423.0,726119.0,376736.0,349362.0,21.0,162142.0,563977.0,677098.0,1.18,5.0,22.33,510.27,107.84,502611.0,261263.0,241327.0,171013.0,110621.0,60386.0,34.02,131756.0,10065.0,141821.0,68246.0,73574.0,226997.0,120473.0,106522.0,226997.0,725923,20768,143798,41358,13291,89149,143798.0,57014.0,18984.0,67800.0,24961.0,319.0,103545.0,14973.0,143798.0,138220.0,89680.0,143798.0,49941.0,20446.0,73411.0,143798.0,125339.0,3740.0,9869.0,122451.0,134639.0,4309.0,138948.0
sd_tharparkar,SD,19637.0,1778407.0,928333.0,850041.0,33.0,144405.0,1634002.0,1647036.0,1.29,5.4,8.12,90.56,109.21,1088975.0,561892.0,527050.0,396323.0,272515.0,123804.0,36.39,347149.0,25827.0,372976.0,169251.0,203718.0,611420.0,322899.0,288514.0,611420.0,1778123,43189,327584,62495,15081,250008,327584.0,63581.0,42528.0,221475.0,1246.0,3495.0,310010.0,12833.0,327584.0,180494.0,48865.0,327584.0,95952.0,39075.0,192557.0,327584.0,320881.0,1558.0,3995.0,128285.0,314155.0,12279.0,326434.0
sd_thatta,SD,8570.0,1083191.0,555252.0,527895.0,44.0,193679.0,889512.0,982138.0,1.65,5.2,17.88,126.39,105.18,736470.0,379662.0,356764.0,197949.0,126151.0,71795.0,26.88,252409.0,16077.0,268486.0,131620.0,136853.0,354248.0,180302.0,173932.0,354248.0,1083191,29353,206202,71592,11267,123343,206202.0,92356.0,27686.0,86160.0,28493.0,891.0,170877.0,5941.0,206202.0,160980.0,66638.0,206202.0,63278.0,43259.0,99665.0,206202.0,191336.0,5677.0,4993.0,166258.0,195841.0,6165.0,202006.0
sd_umer_kot,SD,5608.0,1159831.0,606812.0,552994.0,25.0,258859.0,900972.0,1073469.0,1.3,5.2,22.32,206.82,109.73,751699.0,391625.0,360049.0,290808.0,200403.0,90399.0,38.69,196260.0,16468.0,212728.0,95332.0,117388.0,387734.0,208255.0,179471.0,387734.0,1158284,37285,222562,59498,14895,148169,222562.0,95716.0,18867.0,107979.0,893.0,3138.0,211110.0,7421.0,222562.0,150862.0,68842.0,222562.0,72593.0,20979.0,128990.0,222562.0,163373.0,5188.0,39182.0,155200.0,200721.0,7022.0,207743.0
