map_unit_id,districts,area_reported_km2,area_mapped_km2,ratio,assignment_methods
ba_sherani,1,4310.0,2948.4,0.684,manual
ba_kharan,1,14958.0,10704.4,0.716,name
ba_zhob,1,15987.0,11930.5,0.746,"name,parent"
kp_karak,1,3371.0,2653.2,0.787,name
ba_pishin,1,6218.0,4928.7,0.793,"manual,name"
ba_quetta,1,3447.0,2740.8,0.795,"name,parent"
ba_sohbatpur,1,802.0,669.5,0.835,name
ba_awaran,1,29510.0,24944.6,0.845,"name,name_fuzzy"
ba_khuzdar,1,35380.0,30982.6,0.876,"name,parent"
kp_shangla,1,1586.0,1388.8,0.876,"name,parent"
kp_abbottabad,1,1967.0,1755.9,0.893,name
kp_orakzai,1,1538.0,1375.6,0.894,"manual,name,parent"
sd_thatta,1,8570.0,7704.7,0.899,name
ba_gwadar,1,12637.0,11412.3,0.903,"name,parent"
kp_lower_chitral,1,6458.0,5910.0,0.915,name
kp_buner,1,1865.0,1735.1,0.93,name
pb_muzaffargarh,1,8249.0,7667.9,0.93,name
ba_lasbela,1,15153.0,14115.3,0.932,"name,name_fuzzy,parent"
kp_south_waziristan,1,6620.0,6230.8,0.941,"name,name_fuzzy,parent"
sd_badin,1,6858.0,6470.0,0.943,"name,parent"
pb_toba_tek_singh,1,3252.0,3072.5,0.945,name
pb_lahore,1,1772.0,1684.3,0.951,name
ba_nasirabad,1,3387.0,3230.3,0.954,name
sd_sanghar,1,10728.0,10259.0,0.956,name
pb_lodhran,1,2778.0,2661.9,0.958,"name,name_fuzzy"
kp_swabi,1,1543.0,1481.3,0.96,name
pb_hafizabad,1,2367.0,2273.6,0.961,name
pb_bahawalpur,1,24830.0,23909.8,0.963,name
ba_dera_bugti,1,10160.0,9806.6,0.965,"name,name_fuzzy,parent"
kp_dera_ismail_khan,1,9334.0,9044.2,0.969,"manual,name,parent"
kp_upper_dir,1,3699.0,3585.9,0.969,name
ba_sibi,1,7121.0,6905.9,0.97,"manual,name"
pb_sheikhupura,1,3744.0,3631.4,0.97,name
kp_tank,1,2900.0,2820.2,0.972,"manual,name"
pb_kasur,1,3995.0,3894.4,0.975,name
sd_larkana,1,1948.0,1906.3,0.979,name
pb_multan,1,3720.0,3645.5,0.98,name
pb_nankana_sahib,1,2216.0,2172.2,0.98,"name,name_fuzzy"
pb_dera_ghazi_khan,1,11922.0,11689.8,0.981,"name,parent"
sd_umer_kot,1,5608.0,5502.9,0.981,name
kp_mohmand,1,2296.0,2257.6,0.983,"name,name_fuzzy"
pb_rawalpindi,1,5285.0,5205.1,0.985,"name,parent"
pb_bahawalnagar,1,8878.0,8754.3,0.986,name
pb_pakpattan,1,2724.0,2685.4,0.986,name
pb_chiniot,1,2643.0,2609.6,0.987,name
pb_sargodha,1,5856.0,5780.2,0.987,name
ba_ziarat,1,3301.0,3265.5,0.989,name
sd_sujawal,1,8785.0,8699.2,0.99,name
ba_chagai,1,44748.0,44413.7,0.993,"name,name_fuzzy,parent"
pb_narowal,1,2337.0,2323.6,0.994,name
kp_charsadda,1,996.0,991.3,0.995,name
pb_gujrat,1,3192.0,3176.5,0.995,name
kp_malakand,1,952.0,947.8,0.996,name
pb_attock,1,6857.0,6826.6,0.996,"name,name_fuzzy"
pb_jhelum,1,3587.0,3578.8,0.998,name
kp_nowshera,1,1748.0,1745.9,0.999,name
kp_peshawar,1,1518.0,1516.9,0.999,"name,name_fuzzy,parent"
ba_chaman,1,1341.0,1340.7,1.0,name
is_islamabad,1,906.0,905.8,1.0,name
kp_kolai_palas_kohistan,1,1410.0,1410.5,1.0,name
kp_lower_kohistan,1,642.0,642.1,1.0,name
pb_gujranwala,1,3622.0,3624.0,1.001,"name,name_fuzzy"
sd_khairpur,1,15910.0,15925.0,1.001,name
ba_loralai,1,3785.0,3798.0,1.003,"manual,name"
kp_kurram,1,3380.0,3388.6,1.003,"name,name_fuzzy"
pb_khanewal,1,4349.0,4362.2,1.003,name
kp_mardan,1,1632.0,1639.2,1.004,name
sd_jamshoro,1,11204.0,11250.3,1.004,"name,name_fuzzy"
ba_nushki,1,5797.0,5826.0,1.005,name
kp_swat,1,5337.0,5366.6,1.006,"name,parent"
pb_sahiwal,1,3201.0,3223.6,1.007,name
pb_okara,1,4377.0,4414.8,1.009,name
sd_tharparkar,1,19637.0,19807.5,1.009,name
sd_sukkur,1,5165.0,5216.1,1.01,name
sd_tando_allahyar,1,1554.0,1572.9,1.012,name
pb_layyah,1,6289.0,6378.7,1.014,"name,parent"
kp_bannu,1,1972.0,2003.9,1.016,"manual,name"
pb_khushab,1,6511.0,6622.2,1.017,"name,name_fuzzy"
pb_rajanpur,1,12318.0,12529.6,1.017,"manual,name"
pb_faisalabad,1,5857.0,5960.4,1.018,"name,name_fuzzy"
sd_dadu,1,7866.0,8034.1,1.021,name
kp_lakki_marwat,1,3296.0,3368.1,1.022,"manual,name"
sd_kambar_shahdad_kot,1,5475.0,5598.6,1.023,"name,name_fuzzy"
pb_chakwal,1,6525.0,6680.1,1.024,"name,parent"
ba_duki,1,4233.0,4345.1,1.026,name
pb_sialkot,1,3016.0,3093.0,1.026,name
sd_shaheed_benazirabad,1,4502.0,4618.3,1.026,name
sd_shikarpur,1,2512.0,2576.9,1.026,name
sd_jacobabad,1,2698.0,2771.4,1.027,name
pb_vehari,1,4364.0,4485.6,1.028,name
sd_naushahro_feroze,1,2946.0,3027.3,1.028,name
kp_torghar,1,454.0,467.1,1.029,manual
sd_hyderabad,1,993.0,1021.5,1.029,name
kp_upper_kohistan,1,5440.0,5602.7,1.03,name
pb_jhang,1,6166.0,6353.1,1.03,"name,name_fuzzy"
sd_matiari,1,1417.0,1459.1,1.03,name
pb_mandi_bahauddin,1,2673.0,2759.0,1.032,name
pb_mianwali,1,5840.0,6028.9,1.032,name
sd_kashmore,1,2580.0,2663.6,1.032,name
ba_kohlu,1,7610.0,7895.3,1.037,"manual,name,parent"
kp_mansehra,1,4125.0,4286.7,1.039,name
kp_north_waziristan,1,4707.0,4893.5,1.04,"name,name_fuzzy"
ba_panjgur,1,16891.0,17577.4,1.041,"name,parent"
sd_karachi,7,3527.0,3671.1,1.041,"manual,name,name_fuzzy"
kp_batagram,1,1301.0,1355.7,1.042,"name,parent"
ba_musakhel,1,5728.0,5979.2,1.044,name
pb_bhakkar,1,8153.0,8521.6,1.045,name
sd_ghotki,1,6083.0,6393.6,1.051,name
kp_bajaur,1,1290.0,1359.2,1.054,"manual,name,name_fuzzy"
kp_upper_chitral,1,8392.0,8845.5,1.054,name
ba_jhal_magsi,1,3615.0,3841.0,1.063,name
kp_khyber,1,2576.0,2742.9,1.065,name
ba_barkhan,1,3514.0,3751.6,1.068,"name,parent"
ba_kech,1,22539.0,24083.2,1.069,"name,name_fuzzy,parent"
pb_rahim_yar_khan,1,11880.0,12884.5,1.085,"name,name_fuzzy"
ba_jaffarabad,1,1643.0,1796.0,1.093,"name,name_fuzzy"
ba_washuk,1,33093.0,36527.2,1.104,"name,name_fuzzy"
kp_lower_dir,1,1583.0,1758.0,1.111,"manual,name,name_fuzzy"
kp_haripur,1,1725.0,1927.1,1.117,name
sd_mirpur_khas,1,2925.0,3319.2,1.135,name
kp_kohat,1,2991.0,3443.2,1.151,"manual,name"
ba_kachhi,1,5682.0,6661.3,1.172,name
ba_harnai,1,2492.0,3052.2,1.225,"name,name_fuzzy"
ba_killa_abdullah,1,3553.0,4427.2,1.246,name
kp_hangu,1,1097.0,1380.2,1.258,name
sd_tando_muhammad_khan,1,1423.0,1813.5,1.274,"manual,name"
ba_kalat,1,7654.0,10143.2,1.325,name
ba_mastung,1,3308.0,5703.1,1.724,name
ba_killa_saifullah,1,6831.0,12409.2,1.817,"name,name_fuzzy"
ba_surab,1,762.0,3707.7,4.866,name
