district_id,district_name,province_code,province_name,population,population_2017,growth_rate,area,density,urban_share,sex_ratio,household_size,literacy_rate,literacy_rate_female,literacy_rate_male,literacy_gender_gap,out_of_school_rate,out_of_school_rate_female,out_of_school_rate_male,disability_rate,electricity_lighting,solar_lighting,gas_cooking,firewood_cooking,improved_water,water_on_premises,flush_toilet,no_toilet,pakka_housing,rented_housing,one_room_housing,female_owned_housing
ba_awaran,Awaran,BA,Balochistan,178958.0,121821.0,6.62,29510.0,6.0,26.2,104.9,6.44,36.3,27.9,44.3,16.3,51.7,53.1,50.3,3.2,12.0,61.9,1.1,95.0,74.3,33.2,51.9,20.9,12.6,0.3,28.7,3.8
ba_barkhan,Barkhan,BA,Balochistan,210249.0,171025.0,3.5,3514.0,60.0,6.9,109.0,9.12,33.6,24.9,41.6,16.7,57.8,75.5,42.4,2.1,45.9,39.1,0.4,93.6,70.0,10.9,28.5,55.1,5.7,2.8,49.9,1.7
ba_chagai,Chagai,BA,Balochistan,269192.0,226517.0,2.92,44748.0,6.0,7.4,108.2,7.04,33.1,23.6,41.9,18.3,67.4,70.6,64.5,1.7,35.2,53.2,1.3,73.2,88.6,44.7,66.0,24.7,8.8,2.5,26.7,3.3
ba_chaman,Chaman,BA,Balochistan,466218.0,434561.0,1.18,1341.0,348.0,27.9,127.4,7.53,40.0,30.6,47.7,17.1,65.8,78.3,56.6,2.0,67.1,20.9,4.3,66.8,76.0,55.0,64.1,4.4,12.8,4.5,21.4,1.0
ba_dera_bugti,Dera Bugti,BA,Balochistan,355274.0,313110.0,2.13,10160.0,35.0,30.5,121.1,5.71,24.1,11.9,34.4,22.5,71.7,79.8,66.3,0.5,34.3,13.2,23.8,66.9,53.1,26.6,35.0,57.7,15.2,1.3,59.4,1.5
ba_duki,Duki,BA,Balochistan,205044.0,152977.0,5.0,4233.0,48.0,4.8,109.7,4.76,44.2,33.4,53.9,20.5,70.5,82.8,59.2,0.6,57.1,32.6,0.8,93.3,81.5,59.9,44.8,27.9,5.1,8.6,20.8,1.4
ba_gwadar,Gwadar,BA,Balochistan,305160.0,262253.0,2.56,12637.0,24.0,52.1,111.3,6.06,50.3,42.2,57.6,15.4,33.8,38.3,30.0,3.1,80.1,11.5,5.8,82.6,87.8,62.7,78.5,12.2,51.4,3.6,44.7,5.9
ba_harnai,Harnai,BA,Balochistan,127571.0,97052.0,4.66,2492.0,51.0,26.2,111.9,7.78,39.8,29.7,48.9,19.2,69.6,74.6,65.0,2.5,70.4,14.3,0.6,91.4,52.9,50.9,43.1,46.8,16.4,5.3,33.6,2.2
ba_jaffarabad,Jaffarabad,BA,Balochistan,594558.0,513972.0,2.46,1643.0,362.0,27.5,102.8,7.29,35.5,26.4,44.4,18.1,64.2,69.9,58.7,1.8,74.6,9.5,13.8,52.9,48.4,24.3,47.4,34.0,21.1,7.1,65.7,2.4
ba_jhal_magsi,Jhal Magsi,BA,Balochistan,203368.0,148900.0,5.33,3615.0,56.0,11.9,103.5,6.57,30.1,22.1,37.9,15.8,66.1,73.7,58.8,2.4,45.0,32.1,0.7,88.5,39.3,18.3,34.6,37.7,3.2,1.0,57.6,1.8
ba_kachhi,Kachhi,BA,Balochistan,442674.0,308000.0,6.23,5682.0,78.0,18.2,111.7,8.85,30.2,23.3,36.5,13.2,76.6,80.6,73.2,2.2,77.5,11.2,13.8,78.6,27.3,21.8,49.4,14.0,9.0,2.0,33.6,1.7
ba_kalat,Kalat,BA,Balochistan,271560.0,203565.0,4.92,7654.0,35.0,16.4,104.3,8.2,39.7,29.4,49.5,20.1,51.0,62.4,40.3,2.1,42.1,37.2,1.1,91.1,58.6,25.0,41.4,25.4,5.4,2.3,19.5,1.9
ba_kech,Kech,BA,Balochistan,1060931.0,907182.0,2.64,22539.0,47.0,36.4,109.8,4.19,49.6,43.5,55.2,11.8,44.2,48.4,40.2,2.0,61.0,18.1,0.8,86.8,71.2,56.5,56.3,18.2,17.9,1.0,42.4,4.6
ba_kharan,Kharan,BA,Balochistan,260352.0,162766.0,8.14,14958.0,17.0,31.0,115.8,7.26,41.1,29.4,51.8,22.4,61.7,67.8,56.9,1.1,59.6,24.0,0.5,92.9,81.8,42.4,53.2,15.7,4.2,1.2,26.1,4.6
ba_khuzdar,Khuzdar,BA,Balochistan,997214.0,798896.0,3.76,35380.0,28.0,36.5,116.8,6.18,38.6,31.4,44.9,13.5,65.1,71.2,60.4,3.2,36.0,42.9,0.8,86.2,68.3,32.8,44.5,29.1,9.5,2.1,25.4,2.7
ba_killa_abdullah,Killa Abdullah,BA,Balochistan,361971.0,323793.0,1.88,3553.0,102.0,9.8,109.5,5.38,36.4,24.7,47.3,22.6,76.9,85.1,69.7,1.7,26.5,60.4,2.1,84.3,81.7,53.6,50.7,11.1,3.2,2.2,24.6,1.8
ba_killa_saifullah,Killa Saifullah,BA,Balochistan,380200.0,342932.0,1.73,6831.0,56.0,16.9,109.9,5.43,33.0,21.2,43.9,22.7,62.6,77.6,49.7,2.1,44.3,44.1,0.6,90.9,62.0,42.8,33.0,51.6,4.8,4.8,24.9,2.3
ba_kohlu,Kohlu,BA,Balochistan,260220.0,213933.0,3.32,7610.0,34.0,7.3,109.9,6.83,28.5,23.9,32.6,8.7,71.3,71.1,71.6,3.7,18.6,19.3,0.5,92.0,30.5,17.9,22.5,67.4,5.8,3.9,27.9,1.6
ba_lasbela,Lasbela,BA,Balochistan,680977.0,576271.0,2.82,15153.0,45.0,48.5,105.0,5.89,36.5,26.5,45.9,19.4,56.9,62.0,52.0,1.3,61.0,19.5,17.5,79.1,82.6,22.7,69.8,21.0,48.2,10.1,62.0,3.1
ba_loralai,Loralai,BA,Balochistan,272432.0,244446.0,1.82,3785.0,72.0,21.9,110.1,7.13,43.2,30.8,54.3,23.5,49.0,65.3,34.6,1.9,54.8,36.2,1.1,87.8,72.6,34.6,52.4,29.7,8.5,9.8,28.2,1.7
ba_mastung,Mastung,BA,Balochistan,313271.0,265676.0,2.78,3308.0,95.0,12.9,113.7,7.17,46.0,33.3,57.3,24.0,52.9,60.6,46.4,1.6,71.9,14.6,33.7,62.1,77.2,37.6,67.5,7.5,8.4,2.8,13.0,1.2
ba_musakhel,Musakhel,BA,Balochistan,182275.0,167243.0,1.44,5728.0,32.0,8.7,113.0,5.83,36.6,24.7,47.5,22.8,51.3,57.6,46.2,2.4,24.8,45.7,0.5,92.1,41.0,25.7,26.7,53.4,9.4,2.3,33.9,2.9
ba_nasirabad,Nasirabad,BA,Balochistan,563315.0,489779.0,2.36,3387.0,166.0,19.0,104.5,6.44,29.0,21.2,36.4,15.3,73.1,78.1,68.4,1.0,70.4,14.2,4.7,63.8,52.0,32.6,30.6,40.3,12.7,3.9,54.6,1.4
ba_nushki,Nushki,BA,Balochistan,207834.0,178947.0,2.53,5797.0,36.0,23.4,108.8,6.65,57.1,44.2,69.2,25.1,45.0,49.9,40.6,1.0,84.7,10.1,3.9,77.4,93.9,63.0,69.5,9.3,18.7,3.5,19.8,1.6
ba_panjgur,Panjgur,BA,Balochistan,509781.0,315353.0,8.33,16891.0,30.0,30.9,112.1,4.35,42.1,37.8,45.8,8.0,63.1,64.2,62.1,2.9,45.9,23.0,1.9,82.3,73.3,63.4,22.5,19.9,7.1,2.3,20.4,2.8
ba_pishin,Pishin,BA,Balochistan,835482.0,736903.0,2.11,6218.0,134.0,29.2,104.3,5.68,51.1,36.1,65.8,29.8,59.2,67.2,51.7,1.9,53.5,40.2,38.9,52.0,84.5,56.8,65.3,8.6,7.5,3.0,27.8,2.0
ba_quetta,Quetta,BA,Balochistan,2595492.0,2269473.0,2.26,3447.0,753.0,60.3,103.5,9.0,56.3,47.0,65.1,18.1,37.1,41.8,32.7,2.5,92.9,4.5,85.1,10.8,94.4,35.7,86.3,1.3,59.0,25.1,13.3,2.0
ba_sherani,Sherani,BA,Balochistan,191687.0,152952.0,3.83,4310.0,44.0,0.0,122.0,5.31,23.9,15.0,31.5,16.5,77.9,85.6,72.4,1.1,2.3,85.8,1.3,90.5,53.4,51.6,44.7,27.5,16.9,2.0,11.4,5.7
ba_sibi,Sibi,BA,Balochistan,224148.0,179751.0,3.75,7121.0,31.0,30.9,105.4,7.16,47.4,38.6,55.7,17.1,62.5,65.7,59.5,2.9,69.9,20.3,33.1,63.8,67.2,48.3,66.4,11.5,23.5,9.1,35.4,1.5
ba_sohbatpur,Sohbatpur,BA,Balochistan,240106.0,200426.0,3.06,802.0,299.0,6.1,103.1,7.12,41.0,28.4,53.3,24.8,55.0,62.0,48.3,2.0,77.0,9.5,2.4,66.1,53.9,32.1,33.5,50.1,16.0,1.2,75.9,2.3
ba_surab,Surab,BA,Balochistan,279038.0,208493.0,4.98,762.0,366.0,13.1,103.1,5.45,37.4,29.6,45.2,15.6,69.4,75.5,63.7,1.8,47.2,42.7,6.3,76.4,72.6,30.7,49.2,17.0,2.9,1.4,21.4,3.6
ba_washuk,Washuk,BA,Balochistan,302623.0,175712.0,9.48,33093.0,9.0,13.6,116.6,6.17,21.6,15.8,26.8,11.0,71.9,77.6,67.5,2.0,26.3,40.8,0.8,85.7,73.7,29.1,28.7,42.8,3.1,1.0,37.2,5.4
ba_zhob,Zhob,BA,Balochistan,355692.0,310354.0,2.3,15987.0,22.0,13.2,117.6,7.43,36.6,26.8,45.2,18.4,54.4,61.1,49.0,2.2,49.0,40.7,1.4,90.1,64.6,56.5,47.3,36.7,19.1,10.7,20.8,2.6
ba_ziarat,Ziarat,BA,Balochistan,189535.0,160095.0,2.85,3301.0,57.0,26.1,103.0,8.28,43.4,33.5,53.1,19.6,61.8,66.4,57.5,2.5,47.2,44.0,27.0,67.9,54.5,25.0,48.4,40.6,6.5,1.4,38.0,2.7
is_islamabad,Islamabad,IS,Islamabad Capital Territory,2363863.0,2003368.0,2.8,906.0,2609.0,46.9,111.8,5.75,84.0,79.1,88.2,9.1,15.1,14.8,15.3,3.2,96.7,2.2,61.5,13.2,96.6,59.1,96.5,1.0,97.3,36.4,8.1,5.1
kp_abbottabad,Abbottabad,KP,Khyber Pakhtunkhwa,1419072.0,1333089.0,1.05,1967.0,721.0,23.4,100.8,5.99,77.3,68.4,86.2,17.8,11.8,12.9,10.8,4.2,99.0,0.5,44.0,54.1,82.4,59.7,93.0,5.0,81.9,11.7,16.7,5.4
kp_bajaur,Bajaur,KP,Khyber Pakhtunkhwa,1287960.0,1090987.0,2.8,1290.0,998.0,0.0,102.1,7.09,26.3,12.3,39.9,27.6,63.3,78.2,48.7,3.2,26.0,53.5,0.7,85.0,68.7,56.3,58.2,20.4,15.1,3.1,41.7,2.4
kp_bannu,Bannu,KP,Khyber Pakhtunkhwa,1357890.0,1210183.0,1.94,1972.0,689.0,3.6,108.3,7.41,41.7,23.8,58.5,34.6,47.9,59.7,37.7,3.7,84.6,11.1,10.4,84.0,92.5,83.4,68.3,21.1,52.4,8.1,30.7,3.2
kp_batagram,Batagram,KP,Khyber Pakhtunkhwa,554133.0,476749.0,2.54,1301.0,426.0,0.0,103.1,6.43,39.1,23.3,54.7,31.3,45.1,57.4,33.9,2.9,67.2,11.0,0.5,97.6,72.5,42.3,73.2,21.4,56.2,4.2,34.4,4.8
kp_buner,Buner,KP,Khyber Pakhtunkhwa,1016869.0,895460.0,2.14,1865.0,545.0,0.0,99.9,8.57,43.8,27.4,60.6,33.2,36.5,48.9,25.0,3.8,80.4,10.9,0.4,97.3,88.3,68.5,73.4,22.9,57.6,9.5,25.2,3.2
kp_charsadda,Charsadda,KP,Khyber Pakhtunkhwa,1835504.0,1610960.0,2.2,996.0,1843.0,15.9,107.5,6.95,53.9,40.4,66.6,26.2,29.1,34.6,24.1,3.4,89.6,7.6,32.9,62.6,97.7,95.0,93.2,3.7,66.6,7.0,28.3,2.6
kp_dera_ismail_khan,Dera Ismail Khan,KP,Khyber Pakhtunkhwa,1829811.0,1693594.0,1.3,9334.0,196.0,20.5,110.2,6.78,46.6,33.7,58.1,24.4,44.7,52.1,38.2,2.6,80.9,7.2,11.9,76.2,83.8,61.2,82.9,0.5,46.4,6.1,39.7,2.9
kp_hangu,Hangu,KP,Khyber Pakhtunkhwa,528902.0,518811.0,0.32,1097.0,482.0,16.2,96.9,8.65,43.2,22.0,66.0,44.0,42.4,58.3,28.1,3.9,68.8,27.4,14.7,79.7,89.7,65.9,84.5,6.6,63.3,13.3,17.6,4.2
kp_haripur,Haripur,KP,Khyber Pakhtunkhwa,1174783.0,1001515.0,2.7,1725.0,681.0,12.6,101.4,6.1,74.9,65.6,84.1,18.5,13.8,15.7,12.0,4.7,97.9,1.3,39.7,55.3,91.0,69.2,92.2,3.9,86.3,9.8,13.9,4.6
kp_karak,Karak,KP,Khyber Pakhtunkhwa,815878.0,705362.0,2.46,3371.0,242.0,7.1,106.8,8.5,65.4,45.6,84.1,38.5,27.8,35.6,20.6,3.7,75.3,14.0,28.7,65.2,81.4,28.4,88.2,0.3,60.7,3.3,20.6,3.5
kp_khyber,Khyber,KP,Khyber Pakhtunkhwa,1146267.0,984246.0,2.57,2576.0,445.0,8.3,109.2,6.87,38.5,17.2,58.1,40.9,50.8,67.5,36.1,1.7,32.6,58.5,2.1,84.0,70.6,38.1,47.3,10.1,23.9,5.8,47.3,2.0
kp_kohat,Kohat,KP,Khyber Pakhtunkhwa,1234661.0,1111266.0,1.77,2991.0,413.0,22.6,104.0,7.28,58.5,40.3,76.4,36.1,30.6,42.9,19.4,4.5,87.8,8.5,36.0,58.0,89.4,70.1,89.6,5.7,72.2,12.2,22.2,4.0
kp_kolai_palas_kohistan,Kolai Palas Kohistan,KP,Khyber Pakhtunkhwa,280162.0,274923.0,0.32,1410.0,199.0,0.0,103.6,8.24,18.8,13.1,24.2,11.1,83.3,87.3,79.6,1.8,15.8,30.7,0.5,93.0,26.5,17.6,39.7,34.5,6.9,1.0,28.6,9.6
kp_kurram,Kurram,KP,Khyber Pakhtunkhwa,785434.0,615372.0,4.15,3380.0,232.0,5.8,107.5,8.31,35.2,20.6,49.4,28.7,54.1,64.7,45.1,3.1,51.4,42.1,1.5,92.8,64.5,52.6,65.4,14.1,23.1,8.8,21.5,4.7
kp_lakki_marwat,Lakki Marwat,KP,Khyber Pakhtunkhwa,1040856.0,902138.0,2.41,3296.0,316.0,9.9,102.6,7.9,48.5,28.9,67.4,38.4,42.9,55.5,30.5,2.8,77.0,16.3,8.9,85.3,89.8,65.5,80.9,12.1,43.8,4.2,24.1,1.8
kp_lower_chitral,Lower Chitral,KP,Khyber Pakhtunkhwa,320407.0,278328.0,2.37,6458.0,50.0,17.8,104.3,6.96,66.1,54.8,76.8,22.0,19.8,22.1,17.5,3.5,86.6,5.5,0.4,97.9,82.7,64.0,87.9,8.5,28.4,5.2,17.6,4.1
kp_lower_dir,Lower Dir,KP,Khyber Pakhtunkhwa,1650183.0,1436082.0,2.34,1583.0,1042.0,2.9,97.2,8.14,57.4,43.2,72.6,29.4,27.2,34.0,20.9,2.4,93.0,5.1,8.6,83.4,72.8,49.6,89.5,7.1,61.9,6.3,19.4,5.4
kp_lower_kohistan,Lower Kohistan,KP,Khyber Pakhtunkhwa,340017.0,202502.0,9.02,642.0,530.0,0.0,104.4,7.18,22.0,10.3,33.3,23.0,79.4,88.4,71.0,2.7,36.6,33.2,0.7,94.6,45.6,36.7,54.1,30.9,22.4,2.3,36.6,3.1
kp_malakand,Malakand,KP,Khyber Pakhtunkhwa,826250.0,717806.0,2.37,952.0,868.0,8.9,104.8,7.3,61.7,51.0,71.9,20.9,21.3,24.3,18.6,3.5,96.8,1.5,34.4,60.2,90.7,79.1,86.5,8.7,69.7,12.7,18.9,3.8
kp_mansehra,Mansehra,KP,Khyber Pakhtunkhwa,1797177.0,1555742.0,2.43,4125.0,436.0,8.6,103.1,6.11,63.8,52.0,75.3,23.3,20.5,26.7,14.7,3.3,95.2,2.2,15.6,80.0,79.0,49.4,88.5,8.6,77.0,10.2,24.5,4.7
kp_mardan,Mardan,KP,Khyber Pakhtunkhwa,2744898.0,2373399.0,2.45,1632.0,1682.0,16.5,105.4,6.85,55.8,42.7,68.3,25.7,27.3,32.8,22.2,3.6,95.7,1.8,31.9,64.0,97.4,93.9,92.5,4.7,72.9,12.5,25.8,3.1
kp_mohmand,Mohmand,KP,Khyber Pakhtunkhwa,553933.0,474345.0,2.62,2296.0,241.0,0.0,103.2,8.66,31.3,15.1,46.8,31.7,62.0,77.9,46.6,4.4,38.5,52.1,0.9,88.8,75.0,42.0,45.0,22.0,14.7,1.2,22.4,1.8
kp_north_waziristan,North Waziristan,KP,Khyber Pakhtunkhwa,693332.0,540546.0,4.24,4707.0,147.0,0.6,104.7,6.96,32.8,18.0,46.9,28.9,66.9,80.5,54.2,2.2,52.6,39.1,0.9,91.5,68.7,50.2,53.7,26.0,18.9,2.7,39.9,3.7
kp_nowshera,Nowshera,KP,Khyber Pakhtunkhwa,1740705.0,1520995.0,2.27,1748.0,996.0,19.6,103.8,6.7,56.8,44.5,68.5,24.0,26.3,32.5,20.3,3.2,93.9,3.1,53.9,40.5,94.5,79.7,90.9,5.4,62.4,12.3,30.3,3.4
kp_orakzai,Orakzai,KP,Khyber Pakhtunkhwa,387561.0,254303.0,7.27,1538.0,252.0,0.0,112.1,7.44,33.6,15.0,50.7,35.7,53.3,70.8,38.5,1.6,28.7,53.0,0.7,96.9,59.5,32.9,62.8,0.0,4.3,1.0,22.0,2.0
kp_peshawar,Peshawar,KP,Khyber Pakhtunkhwa,4758762.0,4331959.0,1.58,1518.0,3135.0,40.1,104.0,6.89,53.3,41.1,64.9,23.8,34.5,42.9,26.3,2.9,91.8,6.1,57.2,35.2,97.0,86.7,90.5,4.0,66.9,26.1,26.5,2.3
kp_shangla,Shangla,KP,Khyber Pakhtunkhwa,891252.0,759609.0,2.7,1586.0,562.0,0.0,106.7,7.1,33.7,17.8,48.8,31.0,52.2,64.6,41.2,3.8,74.5,11.1,0.5,97.3,68.0,53.6,67.7,25.3,46.2,4.6,27.7,3.4
kp_south_waziristan,South Waziristan,KP,Khyber Pakhtunkhwa,888675.0,675215.0,4.68,6620.0,134.0,0.0,107.1,4.97,32.0,20.4,42.6,22.3,65.6,71.7,59.9,2.3,30.9,50.3,0.9,90.4,46.5,32.4,58.6,18.8,2.8,2.1,21.9,2.0
kp_swabi,Swabi,KP,Khyber Pakhtunkhwa,1894600.0,1625477.0,2.59,1543.0,1228.0,17.9,102.5,6.79,58.5,44.5,72.3,27.8,25.3,32.2,19.0,2.6,94.7,3.2,15.1,80.5,94.2,83.9,87.9,8.9,77.3,9.9,29.9,3.6
kp_swat,Swat,KP,Khyber Pakhtunkhwa,2687384.0,2308624.0,2.56,5337.0,504.0,29.6,104.8,7.05,48.1,34.0,61.8,27.9,32.6,41.7,24.3,2.3,94.6,2.2,18.1,77.6,79.8,59.3,88.0,9.2,67.3,14.4,22.9,3.1
kp_tank,Tank,KP,Khyber Pakhtunkhwa,470293.0,427044.0,1.62,2900.0,162.0,10.5,105.6,6.66,40.7,23.2,56.9,33.7,49.0,61.1,37.3,2.5,68.7,22.9,5.9,90.6,77.0,49.1,70.6,11.4,26.7,3.0,42.3,2.2
kp_torghar,Torghar,KP,Khyber Pakhtunkhwa,200445.0,171349.0,2.65,454.0,442.0,0.0,103.9,6.82,29.7,12.5,46.6,34.1,54.8,72.5,38.5,3.5,31.6,42.6,0.5,98.2,68.2,26.4,45.0,52.5,10.7,16.2,39.2,4.4
kp_upper_chitral,Upper Chitral,KP,Khyber Pakhtunkhwa,195528.0,169297.0,2.43,8392.0,23.0,0.0,105.7,7.42,73.8,62.1,84.9,22.8,10.5,12.0,9.0,2.7,86.7,9.5,0.4,95.9,72.4,28.5,94.6,1.5,5.1,0.6,13.3,6.3
kp_upper_dir,Upper Dir,KP,Khyber Pakhtunkhwa,1083566.0,947401.0,2.26,3699.0,293.0,4.4,98.4,7.25,46.8,31.7,62.8,31.1,35.9,45.7,26.7,4.4,80.8,10.1,0.5,94.3,48.1,28.4,80.8,15.3,32.8,2.0,36.4,6.5
kp_upper_kohistan,Upper Kohistan,KP,Khyber Pakhtunkhwa,422947.0,307286.0,5.47,5440.0,78.0,0.0,104.6,6.64,19.1,10.3,27.5,17.2,79.4,87.6,71.7,2.7,20.9,12.4,0.3,95.2,26.1,23.0,43.9,42.9,8.0,0.8,49.4,5.2
pb_attock,Attock,PB,Punjab,2170423.0,1886378.0,2.37,6857.0,317.0,28.7,100.8,6.13,70.2,60.7,79.7,19.0,17.8,18.8,16.7,4.3,96.1,2.1,53.1,42.6,94.4,78.6,92.7,4.9,85.0,11.8,10.4,4.6
pb_bahawalnagar,Bahawalnagar,PB,Punjab,3550342.0,2975656.0,2.99,8878.0,400.0,27.4,108.3,6.37,57.0,49.9,63.5,13.6,31.9,32.6,31.3,4.2,92.9,1.4,8.0,77.3,92.9,68.9,80.0,17.5,68.8,5.1,29.6,3.4
pb_bahawalpur,Bahawalpur,PB,Punjab,4284964.0,3669176.0,2.62,24830.0,173.0,37.8,103.1,6.36,53.4,47.1,59.4,12.3,38.5,39.5,37.4,3.7,93.1,1.3,21.8,72.2,97.0,77.8,84.5,13.5,74.5,6.0,29.9,4.0
pb_bhakkar,Bhakkar,PB,Punjab,1957470.0,1647852.0,2.91,8153.0,240.0,18.0,108.0,6.25,55.7,43.9,66.8,22.9,28.7,32.1,25.6,4.8,88.6,4.3,3.9,87.6,99.0,97.9,81.3,17.0,72.0,2.7,31.3,2.4
pb_chakwal,Chakwal,PB,Punjab,1734854.0,1495463.0,2.51,6525.0,266.0,25.1,99.2,6.01,77.8,69.5,86.1,16.6,14.8,15.8,13.8,5.0,97.0,1.7,30.5,59.2,95.4,81.3,91.4,5.9,88.4,7.0,7.7,5.9
pb_chiniot,Chiniot,PB,Punjab,1563024.0,1368659.0,2.24,2643.0,591.0,31.5,102.4,6.1,55.0,45.2,64.6,19.5,28.5,31.9,25.1,3.8,94.2,1.5,24.6,64.9,98.3,87.7,68.9,29.0,77.9,6.2,30.9,4.3
pb_dera_ghazi_khan,Dera Ghazi Khan,PB,Punjab,3393705.0,2872631.0,2.82,11922.0,285.0,23.8,101.9,7.47,46.8,37.2,56.2,19.0,46.9,52.3,41.6,3.5,80.7,10.0,12.0,81.2,91.2,63.6,70.4,26.1,53.2,4.7,36.5,2.9
pb_faisalabad,Faisalabad,PB,Punjab,9075819.0,7882444.0,2.38,5857.0,1550.0,48.4,108.9,6.56,73.4,69.1,77.3,8.2,19.9,20.1,19.7,3.6,97.9,0.8,56.7,35.7,93.0,33.6,93.1,5.3,89.5,14.0,20.6,4.2
pb_gujranwala,Gujranwala,PB,Punjab,5959750.0,5011066.0,2.93,3622.0,1645.0,60.3,103.3,7.02,76.8,75.4,78.1,2.8,20.0,17.9,22.1,3.0,98.5,0.9,74.2,13.1,99.1,77.5,96.8,1.5,87.4,12.7,12.1,4.0
pb_gujrat,Gujrat,PB,Punjab,3219375.0,2756289.0,2.62,3192.0,1009.0,41.1,99.8,6.58,81.4,77.9,84.8,6.9,14.5,12.4,16.7,3.7,98.5,0.8,50.4,27.6,99.0,67.3,95.8,2.9,87.7,9.3,9.7,6.5
pb_hafizabad,Hafizabad,PB,Punjab,1319909.0,1156954.0,2.22,2367.0,558.0,38.2,103.1,6.69,65.8,60.6,70.7,10.1,21.7,20.4,23.1,3.1,98.1,0.8,73.9,21.9,94.7,72.5,89.7,8.6,77.7,5.7,17.1,3.5
pb_jhang,Jhang,PB,Punjab,3065639.0,2743526.0,1.87,6166.0,497.0,26.1,107.2,6.23,59.4,49.1,69.1,19.9,27.3,30.2,24.7,4.3,92.4,1.8,16.7,76.3,98.8,92.4,76.6,20.8,80.8,3.8,26.7,3.6
pb_jhelum,Jhelum,PB,Punjab,1382308.0,1222403.0,2.07,3587.0,385.0,39.2,103.7,6.03,80.7,74.5,86.6,12.0,12.8,13.1,12.5,4.9,98.0,1.0,18.5,51.2,95.6,78.0,92.5,5.5,82.1,9.8,10.0,6.3
pb_kasur,Kasur,PB,Punjab,4084286.0,3454881.0,2.83,3995.0,1022.0,30.5,104.5,6.33,62.8,57.4,68.0,10.5,23.6,23.1,24.0,2.7,98.1,0.8,26.6,60.0,97.9,75.2,93.5,5.1,83.7,7.6,34.7,3.0
pb_khanewal,Khanewal,PB,Punjab,3364077.0,2920233.0,2.39,4349.0,774.0,21.3,106.5,6.39,61.0,52.2,69.3,17.1,27.8,29.7,26.0,3.5,96.0,0.8,24.1,71.6,98.5,91.3,87.8,9.9,80.0,5.0,25.3,4.0
pb_khushab,Khushab,PB,Punjab,1501089.0,1280372.0,2.69,6511.0,231.0,27.9,104.8,6.05,62.5,49.0,75.6,26.6,22.2,25.1,19.7,4.2,89.1,3.7,16.4,74.4,94.8,63.1,82.0,15.6,70.9,4.7,21.4,4.0
pb_lahore,Lahore,PB,Punjab,13004135.0,11119985.0,2.64,1772.0,7339.0,100.0,112.5,6.47,79.6,77.6,81.4,3.8,21.5,20.5,22.3,3.1,98.1,1.1,84.6,6.2,98.0,63.9,95.6,1.8,96.3,28.7,19.0,4.8
pb_layyah,Layyah,PB,Punjab,2102386.0,1823995.0,2.4,6289.0,334.0,18.4,106.2,6.16,61.8,52.2,70.9,18.7,23.5,26.0,21.1,4.4,85.5,6.0,6.0,87.2,98.6,93.7,86.2,11.9,78.3,3.3,37.2,2.3
pb_lodhran,Lodhran,PB,Punjab,1928299.0,1699693.0,2.13,2778.0,694.0,16.9,107.3,5.95,51.7,42.1,60.6,18.5,37.0,38.4,35.8,2.2,95.5,0.8,10.8,77.8,96.5,77.8,85.8,12.0,76.1,2.9,33.4,3.7
pb_mandi_bahauddin,Mandi Bahauddin,PB,Punjab,1829486.0,1594039.0,2.32,2673.0,684.0,18.9,100.5,6.4,70.3,65.7,74.9,9.2,22.7,21.9,23.5,4.0,98.0,0.7,35.3,54.0,98.2,57.9,86.9,10.8,78.9,5.9,16.4,5.1
pb_mianwali,Mianwali,PB,Punjab,1798268.0,1542601.0,2.59,5840.0,308.0,20.2,104.3,6.07,62.9,47.6,77.6,30.0,26.6,32.8,20.9,5.2,91.4,3.9,13.8,80.2,94.0,84.4,87.5,8.8,72.4,4.2,23.3,3.7
pb_multan,Multan,PB,Punjab,5362305.0,4746166.0,2.06,3720.0,1441.0,46.6,103.8,6.05,61.4,55.3,67.3,12.0,31.2,33.3,29.1,2.8,97.5,0.6,46.0,46.7,97.9,82.9,89.7,8.3,77.4,11.4,31.2,4.7
pb_muzaffargarh,Muzaffargarh,PB,Punjab,5015325.0,4328549.0,2.48,8249.0,608.0,18.9,103.2,6.23,48.0,39.7,55.9,16.2,44.1,47.8,40.4,3.6,91.1,2.1,10.8,83.3,99.0,94.0,76.1,21.1,60.7,2.6,46.5,3.0
pb_nankana_sahib,Nankana Sahib,PB,Punjab,1634871.0,1354986.0,3.18,2216.0,738.0,19.8,103.6,6.62,63.1,57.6,68.4,10.7,23.3,23.8,22.8,2.3,98.1,0.8,39.2,47.1,92.4,32.7,90.3,8.1,74.9,7.1,23.2,3.8
pb_narowal,Narowal,PB,Punjab,1950954.0,1707575.0,2.25,2337.0,835.0,17.9,104.4,6.93,75.3,70.5,79.9,9.4,14.5,13.4,15.5,3.1,98.8,0.7,13.9,49.9,98.8,85.4,94.1,4.4,82.8,4.3,13.4,6.7
pb_okara,Okara,PB,Punjab,3515490.0,3040826.0,2.45,4377.0,803.0,33.8,103.7,6.4,60.3,53.7,66.5,12.8,26.5,27.0,26.0,2.5,97.3,0.9,36.3,50.2,98.1,75.6,89.2,9.1,82.6,6.4,29.8,3.7
pb_pakpattan,Pakpattan,PB,Punjab,2136170.0,1824228.0,2.67,2724.0,784.0,22.1,103.3,6.2,57.1,49.3,64.7,15.4,28.7,30.2,27.3,3.2,96.7,0.7,9.5,65.2,96.0,83.8,85.6,12.1,79.3,5.1,36.0,4.0
pb_rahim_yar_khan,Rahim Yar Khan,PB,Punjab,5564703.0,4807762.0,2.47,11880.0,468.0,24.1,108.6,6.73,47.9,40.1,55.1,15.0,45.8,47.9,43.9,3.8,90.4,2.2,20.4,73.4,97.3,69.0,82.9,14.2,67.4,5.7,34.0,3.1
pb_rajanpur,Rajanpur,PB,Punjab,2381049.0,1996039.0,2.98,12318.0,193.0,26.5,103.2,6.73,36.1,28.2,43.7,15.5,56.3,61.0,51.8,3.6,57.4,11.4,1.1,87.8,89.8,76.6,57.9,37.6,39.9,3.4,56.4,2.8
pb_rawalpindi,Rawalpindi,PB,Punjab,6118911.0,5402380.0,2.1,5285.0,1158.0,68.8,103.4,6.13,83.2,78.4,87.9,9.5,15.6,15.5,15.7,4.4,98.4,0.9,70.1,21.8,92.7,61.0,95.0,2.4,95.6,26.2,8.3,5.0
pb_sahiwal,Sahiwal,PB,Punjab,2881811.0,2513011.0,2.31,3201.0,900.0,26.3,102.8,6.45,64.8,58.3,71.1,12.8,26.7,29.1,24.3,3.9,96.4,0.9,22.6,68.6,98.1,75.2,88.9,9.2,88.3,7.2,22.5,4.4
pb_sargodha,Sargodha,PB,Punjab,4334448.0,3696212.0,2.69,5856.0,740.0,37.1,102.5,6.33,66.7,59.6,73.6,14.0,19.5,19.3,19.7,4.7,96.2,1.2,42.7,52.8,96.6,65.5,84.6,13.5,68.1,8.2,25.4,3.9
pb_sheikhupura,Sheikhupura,PB,Punjab,4049418.0,3460004.0,2.66,3744.0,1082.0,38.3,105.6,6.83,68.9,65.5,72.1,6.6,23.2,22.5,23.9,2.7,98.3,0.9,54.2,29.0,97.3,71.2,96.1,2.3,86.5,11.7,19.2,3.3
pb_sialkot,Sialkot,PB,Punjab,4499394.0,3894938.0,2.43,3016.0,1492.0,32.9,102.6,6.7,78.4,76.5,80.2,3.7,12.6,11.2,14.0,2.9,98.5,0.8,56.9,17.6,99.0,61.3,96.0,2.4,90.0,10.8,12.6,6.4
pb_toba_tek_singh,Toba Tek Singh,PB,Punjab,2524044.0,2190602.0,2.39,3252.0,776.0,22.3,105.5,6.41,71.4,66.1,76.4,10.2,20.8,20.2,21.3,4.0,96.6,0.9,37.8,57.4,96.4,67.1,89.7,7.5,85.9,5.9,18.8,5.0
pb_vehari,Vehari,PB,Punjab,3430421.0,2902081.0,2.83,4364.0,786.0,22.8,102.3,6.32,59.1,51.6,66.4,14.9,31.8,32.9,30.6,2.3,96.6,0.8,14.2,75.0,97.3,81.9,87.7,9.5,84.8,4.9,23.9,4.1
sd_badin,Badin,SD,Sindh,1947081.0,1804958.0,1.27,6858.0,284.0,22.1,108.4,4.89,36.6,26.0,46.5,20.5,61.3,70.2,53.4,2.0,40.1,11.9,11.8,82.5,89.3,48.7,32.1,50.1,21.9,1.6,85.0,3.0
sd_dadu,Dadu,SD,Sindh,1742320.0,1550390.0,1.96,7866.0,222.0,25.2,103.0,5.12,47.1,38.7,55.3,16.6,47.5,52.1,43.0,1.7,61.9,25.6,21.4,58.7,93.0,58.5,80.7,1.0,30.7,4.7,67.3,3.8
sd_ghotki,Ghotki,SD,Sindh,1772609.0,1648708.0,1.21,6083.0,291.0,21.4,108.0,5.35,41.4,26.3,55.3,29.0,55.6,68.1,44.4,1.9,45.6,30.5,19.4,74.3,97.7,86.6,56.3,33.6,43.0,4.4,74.9,1.9
sd_hyderabad,Hyderabad,SD,Sindh,2432540.0,2199928.0,1.69,993.0,2450.0,83.1,112.8,5.43,67.2,63.1,70.9,7.8,33.3,34.1,32.6,2.9,91.1,2.8,75.4,21.0,96.2,72.2,90.2,4.0,83.6,18.8,44.3,4.7
sd_jacobabad,Jacobabad,SD,Sindh,1174097.0,1007009.0,2.59,2698.0,435.0,30.8,103.0,6.02,42.3,32.6,51.8,19.1,62.0,69.8,54.5,2.2,51.7,29.5,17.7,56.8,94.3,44.2,54.5,29.2,28.2,4.9,66.8,2.8
sd_jamshoro,Jamshoro,SD,Sindh,1117308.0,993908.0,1.97,11204.0,100.0,46.7,107.2,5.23,49.6,41.6,57.0,15.4,49.2,50.7,47.8,2.2,64.2,16.3,35.7,57.9,88.0,43.4,68.8,18.3,56.0,8.2,62.3,3.4
sd_kambar_shahdad_kot,Kambar Shahdad Kot,SD,Sindh,1514869.0,1338035.0,2.09,5475.0,277.0,27.8,109.3,5.66,40.0,30.3,48.9,18.6,55.4,61.4,50.3,1.3,43.1,41.7,18.9,40.9,92.3,45.3,58.2,18.4,30.2,3.2,62.0,3.5
sd_karachi_central,Karachi Central,SD,Sindh,3822325.0,2971382.0,4.29,69.0,55396.0,100.0,112.0,5.87,83.6,83.3,83.8,0.5,22.7,21.3,23.8,3.1,99.1,0.6,97.9,0.9,98.3,73.1,97.4,0.5,96.5,39.5,16.5,9.7
sd_karachi_east,Karachi East,SD,Sindh,3921742.0,2875315.0,5.31,139.0,28214.0,100.0,113.5,5.95,80.1,78.6,81.3,2.7,27.3,24.5,29.8,3.1,97.8,1.0,92.1,3.9,97.2,65.4,94.4,1.8,93.5,38.0,16.3,8.3
sd_karachi_south,Karachi South,SD,Sindh,2329764.0,1769230.0,4.69,122.0,19096.0,100.0,114.0,5.48,78.6,76.0,80.8,4.7,26.0,27.6,24.5,2.9,98.8,0.6,88.8,1.9,98.2,70.2,96.6,0.6,97.4,37.6,21.7,7.7
sd_karachi_west,Karachi West,SD,Sindh,2679380.0,2077228.0,4.33,370.0,7242.0,90.7,112.0,5.77,67.4,64.8,69.8,5.0,38.9,40.4,37.5,2.0,95.9,1.9,81.3,10.5,96.9,64.3,95.5,1.2,90.3,30.7,22.3,7.8
sd_kashmore,Kashmore,SD,Sindh,1233957.0,1090336.0,2.08,2580.0,478.0,22.0,103.7,5.91,35.6,25.7,45.1,19.4,70.0,76.2,64.1,2.1,44.0,27.3,12.9,67.1,96.4,85.2,49.3,31.3,25.1,5.6,69.0,1.7
sd_keamari,Keamari,SD,Sindh,2068451.0,1829837.0,2.06,559.0,3700.0,100.0,113.7,6.48,62.1,56.5,66.9,10.3,41.7,43.8,39.7,2.0,97.6,1.5,84.3,8.1,94.8,38.4,94.8,1.4,92.5,34.1,27.3,4.5
sd_khairpur,Khairpur,SD,Sindh,2597535.0,2405190.0,1.29,15910.0,163.0,32.5,102.7,5.74,50.1,38.1,61.8,23.7,44.3,51.7,37.2,2.5,52.6,27.5,22.5,74.7,97.2,83.3,58.6,28.4,36.2,3.2,65.4,2.8
sd_korangi,Korangi,SD,Sindh,3128971.0,2577556.0,3.28,108.0,28972.0,100.0,111.6,6.35,79.9,78.3,81.3,3.0,32.2,32.1,32.3,2.2,99.0,0.6,96.7,0.9,97.9,55.3,97.4,0.6,96.4,33.7,22.3,7.6
sd_larkana,Larkana,SD,Sindh,1784453.0,1521786.0,2.69,1948.0,916.0,44.7,109.5,5.55,55.6,45.0,65.3,20.4,44.6,50.8,39.2,1.3,68.8,23.8,46.2,33.1,98.9,94.9,82.1,6.7,46.8,9.5,48.1,3.0
sd_malir,Malir,SD,Sindh,2432248.0,1924346.0,3.98,2160.0,1126.0,48.0,112.7,5.77,63.1,57.8,67.7,9.9,41.8,42.7,41.0,1.9,91.1,4.8,75.8,17.3,96.9,69.1,89.7,3.7,91.3,31.7,32.8,4.2
sd_matiari,Matiari,SD,Sindh,849383.0,770040.0,1.65,1417.0,599.0,23.9,102.6,5.36,45.9,35.1,56.3,21.2,50.0,55.1,45.1,2.2,69.5,10.1,27.0,69.9,97.5,82.8,64.2,25.2,47.7,2.4,75.5,2.9
sd_mirpur_khas,Mirpur Khas,SD,Sindh,1681386.0,1504440.0,1.87,2925.0,575.0,29.3,110.4,5.37,45.4,34.8,55.0,20.3,51.0,60.2,43.0,1.9,57.4,7.9,16.5,78.9,80.2,42.0,45.9,40.2,33.4,4.7,69.4,3.3
sd_naushahro_feroze,Naushahro Feroze,SD,Sindh,1777082.0,1612047.0,1.64,2946.0,603.0,28.5,103.0,5.56,57.2,46.4,67.6,21.2,39.3,42.8,35.9,1.8,69.0,18.8,27.9,67.4,97.4,93.0,72.7,15.2,39.2,4.2,64.2,2.5
sd_sanghar,Sanghar,SD,Sindh,2308465.0,2049873.0,2.0,10728.0,215.0,27.3,103.2,5.67,43.7,33.9,53.1,19.3,56.6,63.7,49.7,2.1,51.2,20.4,23.3,72.8,91.7,60.2,50.6,38.4,36.7,4.9,67.6,2.7
sd_shaheed_benazirabad,Shaheed Benazirabad,SD,Sindh,1845102.0,1613506.0,2.26,4502.0,410.0,32.4,103.2,5.52,50.9,40.3,61.1,20.8,45.2,52.5,38.1,2.7,67.6,19.5,25.9,70.2,97.7,80.3,62.4,26.6,40.1,5.6,67.2,2.9
sd_shikarpur,Shikarpur,SD,Sindh,1386330.0,1233760.0,1.96,2512.0,552.0,23.0,102.2,6.45,43.7,34.6,52.6,17.9,62.9,67.3,58.8,2.1,71.3,17.6,24.8,56.9,99.1,91.9,68.1,17.6,29.4,3.2,62.9,2.6
sd_sujawal,Sujawal,SD,Sindh,839292.0,779062.0,1.25,8785.0,96.0,10.6,108.7,5.28,27.0,19.7,33.7,14.0,74.9,81.9,68.9,2.1,31.1,13.5,8.8,84.8,80.0,44.1,24.5,50.0,15.8,1.0,86.0,2.9
sd_sukkur,Sukkur,SD,Sindh,1639897.0,1488372.0,1.63,5165.0,318.0,49.7,113.0,6.11,58.3,47.2,68.1,20.9,45.7,52.3,40.0,2.1,68.7,21.0,41.3,56.0,96.4,77.8,74.4,14.8,53.3,7.9,58.4,2.0
sd_tando_allahyar,Tando Allahyar,SD,Sindh,922012.0,838527.0,1.59,1554.0,593.0,31.0,103.3,5.2,39.8,31.5,47.8,16.3,59.4,64.3,54.7,3.3,69.0,4.4,27.1,69.0,96.7,61.9,56.7,33.0,39.3,3.9,76.3,3.0
sd_tando_muhammad_khan,Tando Muhammad Khan,SD,Sindh,726119.0,677098.0,1.17,1423.0,510.0,22.3,107.8,5.05,34.0,25.0,42.3,17.3,62.5,69.1,56.6,2.9,39.6,13.2,17.4,72.0,96.1,62.4,34.7,51.1,28.8,2.6,85.2,3.1
sd_tharparkar,Tharparkar,SD,Sindh,1778407.0,1647036.0,1.29,19637.0,91.0,8.1,109.2,5.43,36.4,23.5,48.5,25.0,61.0,70.6,52.4,2.4,19.4,13.0,0.4,94.6,55.1,14.9,29.3,58.8,19.1,0.5,39.2,3.8
sd_thatta,Thatta,SD,Sindh,1083191.0,982138.0,1.65,8570.0,126.0,17.9,105.2,5.25,26.9,20.1,33.2,13.1,75.8,78.7,73.0,2.7,44.8,13.4,13.8,82.9,78.1,32.3,30.7,48.3,34.7,2.8,80.6,3.1
sd_umer_kot,Umer Kot,SD,Sindh,1159831.0,1073469.0,1.3,5608.0,207.0,22.3,109.7,5.21,38.7,25.1,51.2,26.1,54.9,65.4,45.8,3.2,43.0,8.5,0.4,94.9,67.8,30.9,32.6,58.0,26.7,2.3,69.7,3.4
