shape_id,shape_name,old_district,district_id,method,matched_unit,score
9618217B83205974251307,ABBASPUR,Azad Kashmir,ajk,outside,,
9618217B55768510626440,ATHUMQAM,Azad Kashmir,ajk,outside,,
9618217B73079690921862,BAGH,Azad Kashmir,ajk,outside,,
9618217B79573260848394,BARNALA,Azad Kashmir,ajk,outside,,
9618217B68732265330698,BHIMBER,Azad Kashmir,ajk,outside,,
9618217B97675599580596,DHEERKOT,Azad Kashmir,ajk,outside,,
9618217B38744518410745,DISPUTED TERRITORY,Azad Kashmir,ajk,outside,,
9618217B37808039502792,DUDYAL,Azad Kashmir,ajk,outside,,
9618217B82484311896760,HAJEERA,Azad Kashmir,ajk,outside,,
9618217B68754169353282,HATTIAN BALA,Azad Kashmir,ajk,outside,,
9618217B64863264884629,HAVELI,Azad Kashmir,ajk,outside,,
9618217B93166287325125,KOTLI,Azad Kashmir,ajk,outside,,
9618217B94086344698677,MIRPUR,Azad Kashmir,ajk,outside,,
9618217B57894485120071,MUZAFFARABAD,Azad Kashmir,ajk,outside,,
9618217B15093186041287,NAKIAL,Azad Kashmir,ajk,outside,,
9618217B46803973144296,PALLANDARI,Azad Kashmir,ajk,outside,,
9618217B87664867246475,RAWALAKOT,Azad Kashmir,ajk,outside,,
9618217B74772899110096,SAMAHNI,Azad Kashmir,ajk,outside,,
9618217B87362341551768,SEHNSA,Azad Kashmir,ajk,outside,,
9618217B88045410049707,Awaran,Awaran,ba_awaran,name,AWARAN,100.0
9618217B50287416070494,Gishkore Sub,Awaran,ba_awaran,name,GISHKORE,100.0
9618217B51211868721813,Jhal Jhao,Awaran,ba_awaran,name_fuzzy,JHALJAO,93.0
9618217B69007943455910,Jhal Jhao Sub,Awaran,ba_awaran,name_fuzzy,JHALJAO,93.0
9618217B85729493897021,Mashkai,Awaran,ba_awaran,name,MASHKAI,100.0
9618217B63340805873154,Barkhan,Barkhan,ba_barkhan,name,BARKHAN,100.0
9618217B34454311696398,Bekerh,Barkhan,ba_barkhan,parent,,
9618217B19880164202310,Chagai Sub,Chagai,ba_chagai,name,CHAGAI,100.0
9618217B63356701438573,Dalbadin,Chagai,ba_chagai,name_fuzzy,DALBANDIN,94.0
9618217B66554790075537,Naukandi,Chagai,ba_chagai,parent,,
9618217B2962159940384,Taftan,Chagai,ba_chagai,name,TAFTAN,100.0
9618217B20502778495945,CHAMAN,Qilla Abdullah,ba_chaman,name,CHAMAN,100.0
9618217B2743598749374,Dera Bughti,Dera Bugti,ba_dera_bugti,name_fuzzy,DERABUGTI,95.0
9618217B77093701307545,Loti Sub,Dera Bugti,ba_dera_bugti,name,LOTI,100.0
9618217B39169315447774,Malum,Dera Bugti,ba_dera_bugti,parent,,
9618217B88157141720141,Pir Koh,Dera Bugti,ba_dera_bugti,name,PIRKOH,100.0
9618217B73869134124680,Sangsilla,Dera Bugti,ba_dera_bugti,name_fuzzy,SANGSILLAH,95.0
9618217B39625992285529,Sui,Dera Bugti,ba_dera_bugti,name,SUI,100.0
9618217B54428312139149,Duki,Loralai,ba_duki,name,DUKI,100.0
9618217B73177395836711,Gwadar,Gwadar,ba_gwadar,name,GWADAR,100.0
9618217B19586931991950,Jiwani,Gwadar,ba_gwadar,name,JIWANI,100.0
9618217B66549368810061,Ormara,Gwadar,ba_gwadar,name,ORMARA,100.0
9618217B43513523941512,Pasni,Gwadar,ba_gwadar,name,PASNI,100.0
9618217B87381485340477,Sunstar Sub,Gwadar,ba_gwadar,parent,,
9618217B37623205029699,Harnai,Sibi,ba_harnai,name,HARNAI,100.0
9618217B63716992539538,Khost,Sibi,ba_harnai,name_fuzzy,KHOAST,91.0
9618217B40498101001050,Shahrig,Sibi,ba_harnai,name,SHAHRIG,100.0
9618217B10228752646001,Ghandakha,Jafarabad,ba_jaffarabad,name_fuzzy,GANDAKHA,94.0
9618217B86464903653788,Jhat Pat,Nasirabad,ba_jaffarabad,name,JHATPAT,100.0
9618217B27708571372610,Usta Muhammad,Jafarabad,ba_jaffarabad,name,USTAMUHAMMAD,100.0
9618217B37966221621202,Gandawa,Jhal Magsi,ba_jhal_magsi,name,GANDAWA,100.0
9618217B12027487695459,Jhal Magsi,Jhal Magsi,ba_jhal_magsi,name,JHALMAGSI,100.0
9618217B97304875019952,Mirpur Sub,Jhal Magsi,ba_jhal_magsi,name,MIRPUR,100.0
9618217B70834513221374,BHAG,Kachhi,ba_kachhi,name,BHAG,100.0
9618217B98926737301322,Balanari Sub,Kachhi,ba_kachhi,name,BALANARI,100.0
9618217B75567275115944,Dhadar,Kachhi,ba_kachhi,name,DHADAR,100.0
9618217B69236188960303,Khattan Sub,Kachhi,ba_kachhi,name,KHATTAN,100.0
9618217B19608108595135,Mach Sub,Kachhi,ba_kachhi,name,MACH,100.0
9618217B13634250656790,Sanni Sub,Kachhi,ba_kachhi,name,SANNI,100.0
9618217B17885121566588,Gazg,Kalat,ba_kalat,name,GAZG,100.0
9618217B91467173275468,Johan,Kalat,ba_kalat,name,JOHAN,100.0
9618217B40739671025115,Kalat,Kalat,ba_kalat,name,KALAT,100.0
9618217B5840923689995,Mango Char,Kalat,ba_kalat,name,MANGOCHAR,100.0
9618217B85681439003421,Balnigor,Kech,ba_kech,name_fuzzy,BALNIGORE,94.0
9618217B70240658771261,Buleda,Kech,ba_kech,parent,,
9618217B3287750467900,Dasht,Kech,ba_kech,name,DASHT,100.0
9618217B56246486806775,Hoshab,Kech,ba_kech,name,HOSHAB,100.0
9618217B58909274091550,Kech,Kech,ba_kech,parent,,
9618217B99249207678304,Mand,Kech,ba_kech,name,MAND,100.0
9618217B61046651400607,Tump,Kech,ba_kech,name,TUMP,100.0
9618217B31776958523982,Zamuran,Kech,ba_kech,parent,,
9618217B32253439361062,Kharan,Kharan,ba_kharan,name,KHARAN,100.0
9618217B11648805809549,Aranji Sub,Khuzdar,ba_khuzdar,name,ARANJI,100.0
9618217B33490679855375,Karkah Sub,Khuzdar,ba_khuzdar,parent,,
9618217B50718655065252,Khuzdar,Khuzdar,ba_khuzdar,name,KHUZDAR,100.0
9618217B96635304342084,Moola Sub,Khuzdar,ba_khuzdar,name,MOOLA,100.0
9618217B18272036828673,Nal Sub,Khuzdar,ba_khuzdar,name,NAL,100.0
9618217B12126547852790,Ornach Sub,Khuzdar,ba_khuzdar,name,ORNACH,100.0
9618217B91485765143989,Saroona Sub,Khuzdar,ba_khuzdar,name,SAROONA,100.0
9618217B64812990154889,Wadh Sub,Khuzdar,ba_khuzdar,name,WADH,100.0
9618217B67299381221995,ZEHRI,Khuzdar,ba_khuzdar,name,ZEHRI,100.0
9618217B72411579101573,DOBANDI SUB-,Qilla Abdullah,ba_killa_abdullah,name,DOBANDI,100.0
9618217B91592942596902,GULISTAN,Qilla Abdullah,ba_killa_abdullah,name,GULISTAN,100.0
9618217B95880920638679,KILLA ABDULLAH,Qilla Abdullah,ba_killa_abdullah,name,KILLAABDULLAH,100.0
9618217B47686885177942,BADINI,Qilla Saifullah,ba_killa_saifullah,name,BADINI,100.0
9618217B18879360320447,KAN MEHTARZAI,Qilla Saifullah,ba_killa_saifullah,name,KANMEHTARZAI,100.0
9618217B75776093214178,KILLA SAIFULLAH,Qilla Saifullah,ba_killa_saifullah,name,KILLASAIFULLAH,100.0
9618217B24347530358386,LOI BAND,Qilla Saifullah,ba_killa_saifullah,name,LOIBAND,100.0
9618217B20003920903037,MUSLIM BAGH,Qilla Saifullah,ba_killa_saifullah,name,MUSLIMBAGH,100.0
9618217B21963580528882,SHINKAI,Qilla Saifullah,ba_killa_saifullah,name_fuzzy,SHINKI,92.0
9618217B37909865693322,GIRSANI SUB,Loralai,ba_kohlu,manual,Census 2023 lists Grisani sub-tehsil under Kohlu.,
9618217B9408880403437,KAHAN,Kohlu,ba_kohlu,name,KAHAN,100.0
9618217B74056988433955,KOHLU,Kohlu,ba_kohlu,name,KOHLU,100.0
9618217B95908919699948,MAWAND,Kohlu,ba_kohlu,name,MAWAND,100.0
9618217B2654928190032,Phelawagh,Kohlu,ba_kohlu,parent,,
9618217B38765345980934,BELA,Lasbela,ba_lasbela,name,BELA,100.0
9618217B95179806844148,DURJI,Lasbela,ba_lasbela,name_fuzzy,DUREJI,91.0
9618217B86858446563765,GADDANI,Lasbela,ba_lasbela,name,GADDANI,100.0
9618217B12237594519463,HUB,Lasbela,ba_lasbela,name,HUB,100.0
9618217B39521024943226,KANRAJ,Lasbela,ba_lasbela,name,KANRAJ,100.0
9618217B70316302358035,LAKHRA,Lasbela,ba_lasbela,name,LAKHRA,100.0
9618217B27175149081745,LIARI,Lasbela,ba_lasbela,name,LIARI,100.0
9618217B86665675475566,SONMIANI,Lasbela,ba_lasbela,parent,,
9618217B76630628026692,UTHAL,Lasbela,ba_lasbela,name,UTHAL,100.0
9618217B59230505353758,Loralai,Loralai,ba_loralai,manual,Headquarters tehsil of Loralai; census 2023 splits the district into Bori and Mekhtar.,
9618217B55998475247860,Mekhtar,Loralai,ba_loralai,name,MEKHTAR,100.0
9618217B81095673790392,DASHT,Mastung,ba_mastung,name,DASHT,100.0
9618217B21974978317228,KHAD KOCHA SUB-,Mastung,ba_mastung,name,KHADKOCHA,100.0
9618217B9263701422890,KIRDGAP SUB-,Mastung,ba_mastung,name,KIRDGAP,100.0
9618217B61021693970064,MASTUNG,Mastung,ba_mastung,name,MASTUNG,100.0
9618217B62923192711527,DRUG SUB,Musakhel,ba_musakhel,name,DRUG,100.0
9618217B65198608234722,KINGRI,Musakhel,ba_musakhel,name,KINGRI,100.0
9618217B29929623589579,MUSA KHEL,Musakhel,ba_musakhel,name,MUSAKHEL,100.0
9618217B38525162570146,BABA_KOT,Nasirabad,ba_nasirabad,name,BABAKOT,100.0
9618217B47994085217502,CHATTAR,Nasirabad,ba_nasirabad,name,CHATTAR,100.0
9618217B33653411601035,DERA_MURAD_JAMALI,Nasirabad,ba_nasirabad,name,DERAMURADJAMALI,100.0
9618217B3811193083348,TAMBOO,Nasirabad,ba_nasirabad,name,TAMBOO,100.0
9618217B67348092180466,DAK_,Nushki,ba_nushki,name,DAK,100.0
9618217B76899423597402,NUSHKI_,Nushki,ba_nushki,name,NUSHKI,100.0
9618217B60261397495860,GICHK,Panjgur,ba_panjgur,name,GICHK,100.0
9618217B73703267725244,GOWARGO,Panjgur,ba_panjgur,name,GOWARGO,100.0
9618217B16143636802811,PANJGUR,Panjgur,ba_panjgur,name,PANJGUR,100.0
9618217B47925299960583,PAROME,Panjgur,ba_panjgur,parent,,
9618217B2205255569081,BARSHORE,Pishin,ba_pishin,name,BARSHORE,100.0
9618217B42200782607352,HURAMZAI,Qilla Abdullah,ba_pishin,manual,Census 2023 lists Hurram Zai sub-division under Pishin.,
9618217B76048857518190,KAREZAT,Pishin,ba_pishin,name,KAREZAT,100.0
9618217B19963285871914,PISHIN,Pishin,ba_pishin,name,PISHIN,100.0
9618217B26394123733067,SARANAN,Pishin,ba_pishin,name,SARANAN,100.0
9618217B59919799962574,PANJ PAI SUB-,Quetta,ba_quetta,name,PANJPAI,100.0
9618217B63682084587277,QUETTA CITY,Quetta,ba_quetta,name,QUETTA,100.0
9618217B20690386240745,QUETTA SADDAR,Quetta,ba_quetta,parent,,
9618217B12512882766992,SHEERANI,Zhob,ba_sherani,manual,Sherani became a district (carved from Zhob); census 2023 lists it separately.,
9618217B12752349345390,KUT MANDAI,Kohlu,ba_sibi,manual,Census 2023 lists Kot Mandai sub-tehsil under Sibi; the older district layer places it in Kohlu.,
9618217B18368882513354,LEHRI,Kachhi,ba_sibi,name,LEHRI,100.0
9618217B85158688879478,SANGAN,Sibi,ba_sibi,name,SANGAN,100.0
9618217B82477184644412,SIBI,Sibi,ba_sibi,name,SIBI,100.0
9618217B40305274039011,SOHBATPUR,Jafarabad,ba_sohbatpur,name,SOHBATPUR,100.0
9618217B81975811571171,Surab,Kalat,ba_surab,name,SURAB,100.0
9618217B31193042816030,BESIMA,Kharan,ba_washuk,name,BESIMA,100.0
9618217B35884329739488,MASHKHEL,Kharan,ba_washuk,name,MASHKHEL,100.0
9618217B53771355824836,NAG,Kharan,ba_washuk,name,NAG,100.0
9618217B60673558266162,SHAHDO GARHI SUB,Kharan,ba_washuk,name_fuzzy,SHAHOOGARHI,91.0
9618217B15164271077712,WASHUK,Kharan,ba_washuk,name,WASHUK,100.0
9618217B84397370421850,ASHWAT SUB-,Zhob,ba_zhob,name,ASHWAT,100.0
9618217B36759225643803,KASHATOO SUB-,Zhob,ba_zhob,name,KASHATOO,100.0
9618217B71582416911520,QAMAR DIN KAREZ,Zhob,ba_zhob,parent,,
9618217B6305227048180,SAMBAZA SUB,Zhob,ba_zhob,name,SAMBAZA,100.0
9618217B4405082245846,ZHOB,Zhob,ba_zhob,name,ZHOB,100.0
9618217B69401786075997,SINJAWI SUB,Loralai,ba_ziarat,name,SINJAWI,100.0
9618217B66698483777033,ZIARAT SUB DIVISION,Ziarat,ba_ziarat,name,ZIARAT,100.0
9618217B18607943062555,ALIABAD,Hunza,gb,outside,,
9618217B70325037560475,ASTORE,Astore,gb,outside,,
9618217B41750222117386,CHILAS,Diamer,gb,outside,,
9618217B87521623220935,DAREL TANGIR,Diamer,gb,outside,,
9618217B24239170098361,GILGIT,Gilgit,gb,outside,,
9618217B58972864826743,GOJAL,Hunza,gb,outside,,
9618217B83227364220136,GULTARI,Skardu,gb,outside,,
9618217B90015961408219,GUPIS,Ghizer,gb,outside,,
9618217B15965056410830,ISHKOMEN,Ghizer,gb,outside,,
9618217B25754962135590,KHAPLU,Ghanche,gb,outside,,
9618217B70387484269248,KHARMANG,Kharmang,gb,outside,,
9618217B85218379767883,MASHABRUM,Ghanche,gb,outside,,
9618217B7415913583848,NAGAR-I,Nagar,gb,outside,,
9618217B11035459557122,NAGAR-II,Nagar,gb,outside,,
9618217B13486207754369,PUNIAL,Ghizer,gb,outside,,
9618217B20972596228202,RONDU,Skardu,gb,outside,,
9618217B26900800837648,SHIGAR,Shigar,gb,outside,,
9618217B88498185372954,SKARDU,Skardu,gb,outside,,
9618217B38991384841424,YASIN,Ghizer,gb,outside,,
9618217B77065930061668,ISLAMABAD,Islamabad Capital Territory,is_islamabad,name,ISLAMABAD,100.0
9618217B58090762247590,ABBOTTABAD,Abbottabad,kp_abbottabad,name,ABBOTTABAD,100.0
9618217B10477128024963,HAVELIAN,Abbottabad,kp_abbottabad,name,HAVELIAN,100.0
9618217B38361138378149,BAR CHAMARKAND,Bajaur,kp_bajaur,name_fuzzy,BARCHAMERKAND,92.0
9618217B27103402875346,BARANG,Bajaur,kp_bajaur,name,BARANG,100.0
9618217B31254576320005,KHAR,Bajaur,kp_bajaur,manual,Census 2023 lists Khar Bajaur tehsil under Bajaur.,
9618217B90172425710539,MAMUND,Bajaur,kp_bajaur,name,MAMUND,100.0
9618217B6749340310851,NAWAGAI,Bajaur,kp_bajaur,name,NAWAGAI,100.0
9618217B53890861075426,SALARZAI,Bajaur,kp_bajaur,name,SALARZAI,100.0
9618217B58376820156413,UTMAN KHEL,Lower Dir,kp_bajaur,name,UTMANKHEL,100.0
9618217B86252139157568,BANNU,Bannu,kp_bannu,name,BANNU,100.0
9618217B66102957616794,DOMEL,Bannu,kp_bannu,name,DOMEL,100.0
9618217B87633366072343,FR BANNU,North Waziristan,kp_bannu,manual,"Former Frontier Region Bannu, merged into Bannu as the Wazir sub-division.",
9618217B82118214800407,ALAI,Battagram,kp_batagram,parent,,
9618217B42013741972359,BATAGRAM,Battagram,kp_batagram,name,BATAGRAM,100.0
9618217B69506225279330,DAGGAR,Buner,kp_buner,name,DAGGAR,100.0
9618217B56430132914599,GAGRA,Buner,kp_buner,name,GAGRA,100.0
9618217B53498554126513,KHADO KHEL,Buner,kp_buner,name,KHADOKHEL,100.0
9618217B75469142361220,CHARSADDA,Charsadda,kp_charsadda,name,CHARSADDA,100.0
9618217B19186468029110,SHABQADAR,Charsadda,kp_charsadda,name,SHABQADAR,100.0
9618217B49069937374752,TANGI,Charsadda,kp_charsadda,name,TANGI,100.0
9618217B8526825785603,D.I.KHAN,Dera Ismail Khan,kp_dera_ismail_khan,parent,,
9618217B74425880095030,DARABAN,Dera Ismail Khan,kp_dera_ismail_khan,name,DARABAN,100.0
9618217B12477470393515,FR D.I.KHAN,South Waziristan,kp_dera_ismail_khan,manual,"Former Frontier Region D.I. Khan, merged into D.I. Khan as the Drazanda sub-division.",
9618217B58016841629421,KULACHI,Dera Ismail Khan,kp_dera_ismail_khan,name,KULACHI,100.0
9618217B57090337990309,PAHARPUR,Dera Ismail Khan,kp_dera_ismail_khan,name,PAHARPUR,100.0
9618217B16017881368538,PAROA,Dera Ismail Khan,kp_dera_ismail_khan,name,PAROA,100.0
9618217B72358395847423,HANGU,Hangu,kp_hangu,name,HANGU,100.0
9618217B83339690098586,TALL,Hangu,kp_hangu,name,TALL,100.0
9618217B18056507833425,GHAZI,Haripur,kp_haripur,name,GHAZI,100.0
9618217B53516127317768,HARIPUR,Haripur,kp_haripur,name,HARIPUR,100.0
9618217B86538766181056,BANDA DAUD SHAH,Karak,kp_karak,name,BANDADAUDSHAH,100.0
9618217B36434785765551,KARAK,Karak,kp_karak,name,KARAK,100.0
9618217B28657250175694,TAKHT E NASRATI,Karak,kp_karak,name,TAKHTENASRATI,100.0
9618217B27388776429495,BARA,Khyber,kp_khyber,name,BARA,100.0
9618217B97741945610446,JAMRUD,Khyber,kp_khyber,name,JAMRUD,100.0
9618217B35987854225863,LANDI KOTAL,Khyber,kp_khyber,name,LANDIKOTAL,100.0
9618217B32901696142370,FR KOHAT,Orakzai,kp_kohat,manual,"Former Frontier Region Kohat, merged into Kohat as the Darra Adam Khel sub-division.",
9618217B37478017823501,KOHAT,Kohat,kp_kohat,name,KOHAT,100.0
9618217B45474288177233,LACHI,Kohat,kp_kohat,name,LACHI,100.0
9618217B98955281089867,PALAS,Kohistan,kp_kolai_palas_kohistan,name,PALAS,100.0
9618217B69891825710142,CENTRAL KURRAM,Kurram,kp_kurram,name_fuzzy,CENTRALKURRAMFR,93.0
9618217B46030390609191,LOWER KURRAM,Kurram,kp_kurram,name,LOWERKURRAM,100.0
9618217B79241141393082,UPPER KURRAM,Kurram,kp_kurram,name,UPPERKURRAM,100.0
9618217B52659197715523,FR LAKKI,South Waziristan,kp_lakki_marwat,manual,"Former Frontier Region Lakki Marwat, merged into Lakki Marwat as the Bettani sub-division.",
9618217B28791527725555,LAKKI MARWAT,Lakki Marwat,kp_lakki_marwat,name,LAKKIMARWAT,100.0
9618217B19630672602920,NAURANG,Bannu,kp_lakki_marwat,manual,Census 2023 lists Sarai Naurang tehsil under Lakki Marwat.,
9618217B14913426707390,CHITRAL,Chitral,kp_lower_chitral,name,CHITRAL,100.0
9618217B4451792369461,ADENZAI,Lower Dir,kp_lower_dir,name,ADENZAI,100.0
9618217B49164558096656,LALQILLA,Lower Dir,kp_lower_dir,name_fuzzy,LALQILA,93.0
9618217B64606316264088,MUNDA,Lower Dir,kp_lower_dir,manual,Munda (Jandool valley) is in Lower Dir; census 2023 reports Lower Dir as four sub-divisions.,
9618217B88301409575294,SAMARBAGH(BARWA),Lower Dir,kp_lower_dir,manual,Census 2023 lists Samarbagh sub-division under Lower Dir.,
9618217B87730202746425,TEMERGARA,Lower Dir,kp_lower_dir,name,TEMERGARA,100.0
9618217B74983796043949,PATTAN,Kohistan,kp_lower_kohistan,name,PATTAN,100.0
9618217B54248563822765,SAM RANIZAI,Malakand,kp_malakand,name,SAMRANIZAI,100.0
9618217B91992316601631,SWAT RANIZAI,Malakand,kp_malakand,name,SWATRANIZAI,100.0
9618217B1796422743035,BALAKOT,Mansehra,kp_mansehra,name,BALAKOT,100.0
9618217B1764376648259,MANSEHRA,Mansehra,kp_mansehra,name,MANSEHRA,100.0
9618217B99515953512230,OGHI,Mansehra,kp_mansehra,name,OGHI,100.0
9618217B26511611890245,KATLANG,Mardan,kp_mardan,name,KATLANG,100.0
9618217B99815948205781,MARDAN,Mardan,kp_mardan,name,MARDAN,100.0
9618217B56941601966296,TAKHT BHAI,Mardan,kp_mardan,name,TAKHTBHAI,100.0
9618217B21414584218612,AMBAR UTMAN KHEL,Bajaur,kp_mohmand,name,AMBARUTMANKHEL,100.0
9618217B16065617100671,HALIMZAI,Mohmand,kp_mohmand,name,HALIMZAI,100.0
9618217B45853598456335,PINDIALI,Mohmand,kp_mohmand,name,PINDIALI,100.0
9618217B7430750340481,PRANG GHAR,Mohmand,kp_mohmand,name,PRANGGHAR,100.0
9618217B32259055898287,SAFI,Mohmand,kp_mohmand,name,SAFI,100.0
9618217B63558675564153,UPPER MOMAND,Mohmand,kp_mohmand,name_fuzzy,UPPERMOHMAND,96.0
9618217B82493190371101,YAKA GHUND,Mohmand,kp_mohmand,name_fuzzy,YAKEGHUND,89.0
9618217B11986805554587,DATA KHEL,North Waziristan,kp_north_waziristan,name_fuzzy,DATTAKHEL,94.0
9618217B46789655633865,DOSSALI,North Waziristan,kp_north_waziristan,name,DOSSALI,100.0
9618217B50320195799158,GARYUM,North Waziristan,kp_north_waziristan,name_fuzzy,GHARYUM,92.0
9618217B55129572621582,GHULAM KHAN,North Waziristan,kp_north_waziristan,name,GHULAMKHAN,100.0
9618217B16260546865970,MIR ALI,North Waziristan,kp_north_waziristan,name,MIRALI,100.0
9618217B14052675855393,MIRAN SHAH,North Waziristan,kp_north_waziristan,name,MIRANSHAH,100.0
9618217B43456602867297,RAZMAK,North Waziristan,kp_north_waziristan,name,RAZMAK,100.0
9618217B60416920570962,SHEWA,North Waziristan,kp_north_waziristan,name,SHEWA,100.0
9618217B25033373041510,SPINWAM,North Waziristan,kp_north_waziristan,name,SPINWAM,100.0
9618217B14540535558764,NOWSHERA,Nowshera,kp_nowshera,name,NOWSHERA,100.0
9618217B85805369832497,PABBI,Nowshera,kp_nowshera,name,PABBI,100.0
9618217B82128272858403,CENTRAL ORAKZAI,Orakzai,kp_orakzai,parent,,
9618217B45377904205919,ISMAILZAI,Orakzai,kp_orakzai,name,ISMAILZAI,100.0
9618217B73791785557213,LOWER ORAKZAI,Orakzai,kp_orakzai,parent,,
9618217B17002531383252,UPPER ORAKZAI,Khyber,kp_orakzai,manual,Census 2023 lists the Upper tehsil under Orakzai.,
9618217B72269656705038,FR PESHAWAR,Peshawar,kp_peshawar,name_fuzzy,PESHAWAR,89.0
9618217B11440538053000,Peshawar Cantonment,Peshawar,kp_peshawar,name,PESHAWAR,100.0
9618217B32153440891541,Peshawar I,Peshawar,kp_peshawar,name_fuzzy,PESHAWAR,94.0
9618217B43929929180637,Peshawar II,Peshawar,kp_peshawar,name_fuzzy,PESHAWAR,89.0
9618217B47765758459312,Peshawar III,Peshawar,kp_peshawar,parent,,
9618217B71604704168129,Peshawar IV,Peshawar,kp_peshawar,name_fuzzy,PESHAWAR,89.0
9618217B67800644266725,ALPURI,Shangla,kp_shangla,name,ALPURI,100.0
9618217B47007823281887,BISHAM,Shangla,kp_shangla,name,BISHAM,100.0
9618217B39481930993585,CHIKSAR,Shangla,kp_shangla,parent,,
9618217B75574497464279,MARTUNG,Shangla,kp_shangla,name,MARTUNG,100.0
9618217B85285460066544,PURAN,Shangla,kp_shangla,name,PURAN,100.0
9618217B26139173506241,BIRMAL,South Waziristan,kp_south_waziristan,parent,,
9618217B16932570993763,LADHA,North Waziristan,kp_south_waziristan,name,LADHA,100.0
9618217B3793228482505,MAKIN,North Waziristan,kp_south_waziristan,name,MAKIN,100.0
9618217B61234163758742,SARAOGHA,South Waziristan,kp_south_waziristan,name_fuzzy,SARAROGHA,94.0
9618217B82679427642430,SERWEKAI,South Waziristan,kp_south_waziristan,name,SERWEKAI,100.0
9618217B34807773497614,TIARZA,South Waziristan,kp_south_waziristan,name,TIARZA,100.0
9618217B6011346458997,TOI KHULLA,South Waziristan,kp_south_waziristan,name,TOIKHULLA,100.0
9618217B60532697515425,WANA,South Waziristan,kp_south_waziristan,name,WANA,100.0
9618217B21660428778225,LAHOR,Swabi,kp_swabi,name,LAHOR,100.0
9618217B51199303566894,RAZAR,Swabi,kp_swabi,name,RAZAR,100.0
9618217B86482218713484,SWABI,Swabi,kp_swabi,name,SWABI,100.0
9618217B62060167615722,TOPI,Swabi,kp_swabi,name,TOPI,100.0
9618217B96227356091196,BABUZAI,Swat,kp_swat,name,BABUZAI,100.0
9618217B66331326355874,BAHRAIN,Swat,kp_swat,parent,,
9618217B68002200879702,BARIKOT,Swat,kp_swat,name,BARIKOT,100.0
9618217B24557098667068,CHARBAGH,Swat,kp_swat,name,CHARBAGH,100.0
9618217B36757297695869,KABAL,Swat,kp_swat,name,KABAL,100.0
9618217B23020330942802,KHAWAZA KHELA,Swat,kp_swat,name,KHAWAZAKHELA,100.0
9618217B40124352215218,MATTA,Swat,kp_swat,name,MATTA,100.0
9618217B51909263256707,FR TANK,South Waziristan,kp_tank,manual,"Former Frontier Region Tank, merged into Tank as the Jandola sub-division.",
9618217B89518197918808,TANK,Tank,kp_tank,name,TANK,100.0
9618217B27486600301498,TORGHER,Mansehra,kp_torghar,manual,"Torghar district (Daur Mera, Judba, Khander) was carved from Mansehra; one polygon covers it.",
9618217B15142704211186,MASTUJ,Chitral,kp_upper_chitral,name,MASTUJ,100.0
9618217B75611380767926,DIR,Upper Dir,kp_upper_dir,name,DIR,100.0
9618217B41054895723693,SHARINGAL,Upper Dir,kp_upper_dir,name,SHARINGAL,100.0
9618217B67850657595713,WARI,Upper Dir,kp_upper_dir,name,WARI,100.0
9618217B96945867102806,DASSU,Kohistan,kp_upper_kohistan,name,DASSU,100.0
9618217B42691934354201,KANDIA,Kohistan,kp_upper_kohistan,name,KANDIA,100.0
9618217B50149376018014,ATTOCK,Attock,pb_attock,name,ATTOCK,100.0
9618217B26191403236071,FATEH JANG,Attock,pb_attock,name,FATEHJANG,100.0
9618217B7124878941911,HASSANABDAL,Attock,pb_attock,name_fuzzy,HASANABDAL,95.0
9618217B87894448087129,HAZRO,Attock,pb_attock,name,HAZRO,100.0
9618217B26860553208965,JAND,Attock,pb_attock,name,JAND,100.0
9618217B75704590266710,PINDI GHEB,Attock,pb_attock,name,PINDIGHEB,100.0
9618217B66715726514164,BAHAWALNAGAR,Bahawalnagar,pb_bahawalnagar,name,BAHAWALNAGAR,100.0
9618217B28318758204703,CHISHTIAN,Bahawalnagar,pb_bahawalnagar,name,CHISHTIAN,100.0
9618217B32335001423443,FORT ABBAS,Bahawalnagar,pb_bahawalnagar,name,FORTABBAS,100.0
9618217B64963445448677,HAROONABAD,Bahawalnagar,pb_bahawalnagar,name,HAROONABAD,100.0
9618217B99235874147506,MINCHINABAD,Bahawalnagar,pb_bahawalnagar,name,MINCHINABAD,100.0
9618217B72387286824542,AHMADPUR EAST,Bahawalpur,pb_bahawalpur,name,AHMADPUREAST,100.0
9618217B62144943216166,BAHAWALPUR,Bahawalpur,pb_bahawalpur,name,BAHAWALPUR,100.0
9618217B65956213169788,BAHAWALPUR CITY,Bahawalpur,pb_bahawalpur,name,BAHAWALPUR,100.0
9618217B38710441468568,HASILPUR,Bahawalpur,pb_bahawalpur,name,HASILPUR,100.0
9618217B97721699112019,KHAIRPUR TAMEWALI,Bahawalpur,pb_bahawalpur,name,KHAIRPURTAMEWALI,100.0
9618217B66821366213948,YAZMAN,Bahawalpur,pb_bahawalpur,name,YAZMAN,100.0
9618217B37121610639704,BHAKKAR,Bhakkar,pb_bhakkar,name,BHAKKAR,100.0
9618217B62767421306838,DARYA KHAN,Bhakkar,pb_bhakkar,name,DARYAKHAN,100.0
9618217B20876188191816,KALUR KOT,Bhakkar,pb_bhakkar,name,KALURKOT,100.0
9618217B35028785472961,MANKERA,Bhakkar,pb_bhakkar,name,MANKERA,100.0
9618217B61688476906431,CHAKWAL,Chakwal,pb_chakwal,name,CHAKWAL,100.0
9618217B34165652086565,CHOA SAIDAN SHAH,Chakwal,pb_chakwal,name,CHOASAIDANSHAH,100.0
9618217B86534483810344,KALLAR KAHAR,Chakwal,pb_chakwal,parent,,
9618217B62547254689686,TALA GANG,Chakwal,pb_chakwal,name,TALAGANG,100.0
9618217B38138021064938,BHAWANA,Jhang,pb_chiniot,name,BHAWANA,100.0
9618217B24634136652115,CHINIOT,Jhang,pb_chiniot,name,CHINIOT,100.0
9618217B62286570878948,LALIAN,Jhang,pb_chiniot,name,LALIAN,100.0
9618217B85950255786241,DE-EXCLUDED AREA D.G.KHAN,Dera Ghazi Khan,pb_dera_ghazi_khan,parent,,
9618217B12999720718980,DERA GHAZI KHAN,Dera Ghazi Khan,pb_dera_ghazi_khan,name,DERAGHAZIKHAN,100.0
9618217B56078178956611,TAUNSA,Dera Ghazi Khan,pb_dera_ghazi_khan,name,TAUNSA,100.0
9618217B96433352493749,CHAK JHUMRA,Faisalabad,pb_faisalabad,name,CHAKJHUMRA,100.0
9618217B49237159452791,FAISALABAD CITY,Faisalabad,pb_faisalabad,name,FAISALABAD,100.0
9618217B20006160177590,FAISALABAD SADDAR,Faisalabad,pb_faisalabad,name_fuzzy,FAISALABADSADAR,97.0
9618217B34983463675633,JARANWALA,Faisalabad,pb_faisalabad,name,JARANWALA,100.0
9618217B59102898761017,SAMUNDARI,Faisalabad,pb_faisalabad,name_fuzzy,SAMMUNDRI,89.0
9618217B47443696449960,TANDLIANWALA,Faisalabad,pb_faisalabad,name,TANDLIANWALA,100.0
9618217B3934260130404,GUJRANWALA,Gujranwala,pb_gujranwala,name,GUJRANWALA,100.0
9618217B99363720613400,GUJRANWALA CITY,Gujranwala,pb_gujranwala,name,GUJRANWALA,100.0
9618217B79627750692708,KAMOKE,Gujranwala,pb_gujranwala,name,KAMOKE,100.0
9618217B8960364895621,NOWSHERA VIRKHAN,Gujranwala,pb_gujranwala,name_fuzzy,NOWSHERAVIRKAN,97.0
9618217B81659950936026,WAZIRABAD,Gujranwala,pb_gujranwala,name,WAZIRABAD,100.0
9618217B61923659220021,GUJRAT,Gujrat,pb_gujrat,name,GUJRAT,100.0
9618217B29572971440693,KHARIAN,Gujrat,pb_gujrat,name,KHARIAN,100.0
9618217B44942663525229,SARAI ALAMGIR,Gujrat,pb_gujrat,name,SARAIALAMGIR,100.0
9618217B14601730863516,HAFIZABAD,Hafizabad,pb_hafizabad,name,HAFIZABAD,100.0
9618217B88762426965199,PINDI BHATTIAN,Hafizabad,pb_hafizabad,name,PINDIBHATTIAN,100.0
9618217B97650349828759,18-HAZARI,Jhang,pb_jhang,name,18HAZARI,100.0
9618217B8917693813131,AHMEDPUR SIAL,Jhang,pb_jhang,name_fuzzy,AHMADPURSIAL,92.0
9618217B12490857325853,JHANG,Jhang,pb_jhang,name,JHANG,100.0
9618217B73902443176892,SHORKOT,Jhang,pb_jhang,name,SHORKOT,100.0
9618217B61242270997195,DINA,Jhelum,pb_jhelum,name,DINA,100.0
9618217B22857768344293,JHELUM,Jhelum,pb_jhelum,name,JHELUM,100.0
9618217B13521614852985,PIND DADAN KHAN,Jhelum,pb_jhelum,name,PINDDADANKHAN,100.0
9618217B97272924784682,SOHAWA,Jhelum,pb_jhelum,name,SOHAWA,100.0
9618217B67240081969707,CHUNIAN,Kasur,pb_kasur,name,CHUNIAN,100.0
9618217B57329099303802,KASUR,Kasur,pb_kasur,name,KASUR,100.0
9618217B52082409863754,KOT RADHA KISHAN,Kasur,pb_kasur,name,KOTRADHAKISHAN,100.0
9618217B53639078484691,PATTOKI,Kasur,pb_kasur,name,PATTOKI,100.0
9618217B47428091720855,JAHANIAN,Khanewal,pb_khanewal,name,JAHANIAN,100.0
9618217B44181858694402,KABIRWALA,Khanewal,pb_khanewal,name,KABIRWALA,100.0
9618217B13227622316788,KHANEWAL,Khanewal,pb_khanewal,name,KHANEWAL,100.0
9618217B9822491870028,MIAN CHANNU,Khanewal,pb_khanewal,name,MIANCHANNU,100.0
9618217B34004324628587,KHUSHAB,Khushab,pb_khushab,name,KHUSHAB,100.0
9618217B85617072134869,NOORPUR,Khushab,pb_khushab,name,NOORPUR,100.0
9618217B29615375410228,QAIDABAD,Khushab,pb_khushab,name_fuzzy,QUAIDABAD,94.0
9618217B49075471599752,LAHORE CANTT,Lahore,pb_lahore,name,LAHORE,100.0
9618217B65699035418342,LAHORE CITY,Lahore,pb_lahore,name,LAHORE,100.0
9618217B97282778757668,CHAUBARA,Layyah,pb_layyah,parent,,
9618217B25737601938543,KAROR LAL ESAN,Layyah,pb_layyah,name,KARORLALESAN,100.0
9618217B94010131906460,LAYYAH,Layyah,pb_layyah,name,LAYYAH,100.0
9618217B46434483477845,DUNYA PUR,Lodhran,pb_lodhran,name,DUNYAPUR,100.0
9618217B76392119464219,KARORPACCA,Lodhran,pb_lodhran,name_fuzzy,KAHRORPACCA,95.0
9618217B75337823866281,LODHRAN,Lodhran,pb_lodhran,name,LODHRAN,100.0
9618217B9300245059383,MALAKWAL,Mandi Bahauddin,pb_mandi_bahauddin,name,MALAKWAL,100.0
9618217B95869385333709,MANDI BAHAUDDIN,Mandi Bahauddin,pb_mandi_bahauddin,name,MANDIBAHAUDDIN,100.0
9618217B39885459266624,PHALIA,Mandi Bahauddin,pb_mandi_bahauddin,name,PHALIA,100.0
9618217B2809625814941,ISAKHEL,Mianwali,pb_mianwali,name,ISAKHEL,100.0
9618217B65266278076043,MIANWALI,Mianwali,pb_mianwali,name,MIANWALI,100.0
9618217B68184335330032,PIPLAN,Mianwali,pb_mianwali,name,PIPLAN,100.0
9618217B31922989657242,JALALPUR PIRWALA,Multan,pb_multan,name,JALALPURPIRWALA,100.0
9618217B19745651984550,MULTAN CITY,Multan,pb_multan,name,MULTAN,100.0
9618217B64443475206823,MULTAN SADDAR,Multan,pb_multan,name,MULTANSADDAR,100.0
9618217B57733979700194,SHUJABAD,Multan,pb_multan,name,SHUJABAD,100.0
9618217B236770974659,ALIPUR,Muzaffargarh,pb_muzaffargarh,name,ALIPUR,100.0
9618217B43446493864836,JATOI,Muzaffargarh,pb_muzaffargarh,name,JATOI,100.0
9618217B46714791587847,KOT ADDU,Muzaffargarh,pb_muzaffargarh,name,KOTADDU,100.0
9618217B91139491095405,MUZAFFARGARH,Muzaffargarh,pb_muzaffargarh,name,MUZAFFARGARH,100.0
9618217B3385172362302,NANKANA SAHAB,Sheikhpura,pb_nankana_sahib,name_fuzzy,NANKANASAHIB,92.0
9618217B41899806031215,SHAH KOT,Sheikhpura,pb_nankana_sahib,name,SHAHKOT,100.0
9618217B78084704916934,SHANGLA HILL,Sheikhpura,pb_nankana_sahib,name_fuzzy,SANGLAHILL,95.0
9618217B85928513118667,NAROWAL,Narowal,pb_narowal,name,NAROWAL,100.0
9618217B39920522607459,SHAKARGARH,Narowal,pb_narowal,name,SHAKARGARH,100.0
9618217B81306509319870,ZAFARWAL,Narowal,pb_narowal,name,ZAFARWAL,100.0
9618217B85402434096341,DEPALPUR,Okara,pb_okara,name,DEPALPUR,100.0
9618217B98814917393050,OKARA,Okara,pb_okara,name,OKARA,100.0
9618217B92677290558981,RENALA KHURD,Okara,pb_okara,name,RENALAKHURD,100.0
9618217B11984200016747,ARIFWALA,Pakpattan,pb_pakpattan,name,ARIFWALA,100.0
9618217B61411084403748,PAK PATTAN,Pakpattan,pb_pakpattan,name,PAKPATTAN,100.0
9618217B15784467436654,KHAN PUR,Rahim Yar Khan,pb_rahim_yar_khan,name,KHANPUR,100.0
9618217B37482241380967,LIAQAT PUR,Rahim Yar Khan,pb_rahim_yar_khan,name_fuzzy,LIAQUATPUR,95.0
9618217B89186195387307,RAHIM YAR KHAN,Rahim Yar Khan,pb_rahim_yar_khan,name,RAHIMYARKHAN,100.0
9618217B8498662451827,SADIQABAD,Rahim Yar Khan,pb_rahim_yar_khan,name,SADIQABAD,100.0
9618217B9124043146420,DE-EXCLUDED AREA RAJANPUR,Dera Ghazi Khan,pb_rajanpur,manual,Census 2023 lists the Rajanpur de-excluded (former tribal) area under Rajanpur.,
9618217B75708704472060,JAMPUR,Rajanpur,pb_rajanpur,name,JAMPUR,100.0
9618217B96724689949262,RAJANPUR,Rajanpur,pb_rajanpur,name,RAJANPUR,100.0
9618217B59000817640305,ROJHAN,Rajanpur,pb_rajanpur,name,ROJHAN,100.0
9618217B58788233354660,GUJAR KHAN,Rawalpindi,pb_rawalpindi,name,GUJARKHAN,100.0
9618217B27271024996955,KAHUTA,Rawalpindi,pb_rawalpindi,name,KAHUTA,100.0
9618217B54589023039311,KALLAR SAYYEDAN,Rawalpindi,pb_rawalpindi,parent,,
9618217B3680329268285,KOTLI SATTIAN,Rawalpindi,pb_rawalpindi,name,KOTLISATTIAN,100.0
9618217B83104421984489,MURREE,Rawalpindi,pb_rawalpindi,name,MURREE,100.0
9618217B34841225665801,RAWALPINDI,Rawalpindi,pb_rawalpindi,name,RAWALPINDI,100.0
9618217B28592687647846,TAXILA,Rawalpindi,pb_rawalpindi,name,TAXILA,100.0
9618217B28010935462292,CHICHAWATNI,Sahiwal,pb_sahiwal,name,CHICHAWATNI,100.0
9618217B88637585074135,SAHIWAL,Sahiwal,pb_sahiwal,name,SAHIWAL,100.0
9618217B60331399748679,BHALWAL,Sargodha,pb_sargodha,name,BHALWAL,100.0
9618217B54913600718425,KOT MOMIN,Sargodha,pb_sargodha,name,KOTMOMIN,100.0
9618217B37395969304858,SAHIWAL,Sargodha,pb_sargodha,name,SAHIWAL,100.0
9618217B25240134101987,SARGODHA,Sargodha,pb_sargodha,name,SARGODHA,100.0
9618217B47532492281594,SHAHPUR,Sargodha,pb_sargodha,name,SHAHPUR,100.0
9618217B39999757497454,SILLANWALI,Sargodha,pb_sargodha,name,SILLANWALI,100.0
9618217B78613038993344,FEROZEWALA,Sheikhpura,pb_sheikhupura,name,FEROZEWALA,100.0
9618217B25351305355541,MURIDKE,Sheikhpura,pb_sheikhupura,name,MURIDKE,100.0
9618217B66038883173745,SAFDARABAD,Sheikhpura,pb_sheikhupura,name,SAFDARABAD,100.0
9618217B71742610929001,SHARAK PUR,Sheikhpura,pb_sheikhupura,name,SHARAKPUR,100.0
9618217B80377872224855,SHEIKHUPURA,Sheikhpura,pb_sheikhupura,name,SHEIKHUPURA,100.0
9618217B49647722436552,DASKA,Sialkot,pb_sialkot,name,DASKA,100.0
9618217B59820493505708,PASRUR,Sialkot,pb_sialkot,name,PASRUR,100.0
9618217B70438886719057,SAMBRIAL,Sialkot,pb_sialkot,name,SAMBRIAL,100.0
9618217B70755531760277,SIALKOT,Sialkot,pb_sialkot,name,SIALKOT,100.0
9618217B50459917366598,GOJRA,Toba Tek Singh,pb_toba_tek_singh,name,GOJRA,100.0
9618217B66803850841385,KAMALIA,Toba Tek Singh,pb_toba_tek_singh,name,KAMALIA,100.0
9618217B75645786673360,TOBA TEK SINGH,Toba Tek Singh,pb_toba_tek_singh,name,TOBATEKSINGH,100.0
9618217B87041756430963,BUREWALA,Vihari,pb_vehari,name,BUREWALA,100.0
9618217B95257720392722,MAILSI,Vihari,pb_vehari,name,MAILSI,100.0
9618217B94265180885968,VEHARI,Vihari,pb_vehari,name,VEHARI,100.0
9618217B42438762041425,Badin,Badin,sd_badin,name,BADIN,100.0
9618217B51119306822374,Matli,Badin,sd_badin,name,MATLI,100.0
9618217B25857994222098,Shaheed Fazal Rahu,Badin,sd_badin,parent,,
9618217B40875149607138,Talhar,Badin,sd_badin,name,TALHAR,100.0
9618217B60721372567355,Tando Bago,Badin,sd_badin,name,TANDOBAGO,100.0
9618217B7115873754530,DADU,Dadu,sd_dadu,name,DADU,100.0
9618217B70790113171892,JOHI,Dadu,sd_dadu,name,JOHI,100.0
9618217B45890743743061,KHAIRPUR NATHAN SHAH,Dadu,sd_dadu,name,KHAIRPURNATHANSHAH,100.0
9618217B39967878013350,MEHAR,Dadu,sd_dadu,name,MEHAR,100.0
9618217B21460846200179,DAHARKI,Ghotki,sd_ghotki,name,DAHARKI,100.0
9618217B1460109099825,GHOTKI,Ghotki,sd_ghotki,name,GHOTKI,100.0
9618217B63149022343759,KHANGARH,Ghotki,sd_ghotki,name,KHANGARH,100.0
9618217B36535563293418,MIRPUR MATHELO,Ghotki,sd_ghotki,name,MIRPURMATHELO,100.0
9618217B13430994189110,UBAURO,Ghotki,sd_ghotki,name,UBAURO,100.0
9618217B53021961386210,HYDERABAD,Hyderabad,sd_hyderabad,name,HYDERABAD,100.0
9618217B85288636963898,LATIFABAD,Hyderabad,sd_hyderabad,name,LATIFABAD,100.0
9618217B89933783783343,QASIMABAD,Jamshoro,sd_hyderabad,name,QASIMABAD,100.0
9618217B19185229055328,GARHI KHAIRO,Jacobabad,sd_jacobabad,name,GARHIKHAIRO,100.0
9618217B94384438441971,JACOBABAD,Jafarabad,sd_jacobabad,name,JACOBABAD,100.0
9618217B45730721811496,THUL,Jacobabad,sd_jacobabad,name,THUL,100.0
9618217B87538747541891,KOTRI,Jamshoro,sd_jamshoro,name,KOTRI,100.0
9618217B57194515605983,MANJAND,Jamshoro,sd_jamshoro,name_fuzzy,MANJHAND,93.0
9618217B91266058223820,SEHWAN,Jamshoro,sd_jamshoro,name,SEHWAN,100.0
9618217B45415360281153,THANO BULA KHAN,Jamshoro,sd_jamshoro,name,THANOBULAKHAN,100.0
9618217B51536377015215,KAMBAR ALI KHAN,Qambar Shahdadkot,sd_kambar_shahdad_kot,name,KAMBARALIKHAN,100.0
9618217B27710866346662,MIRO KHAN,Qambar Shahdadkot,sd_kambar_shahdad_kot,name,MIROKHAN,100.0
9618217B23821866860121,NASIRABAD,Qambar Shahdadkot,sd_kambar_shahdad_kot,name,NASIRABAD,100.0
9618217B39832154978161,QUBO SAEED KHAN,Qambar Shahdadkot,sd_kambar_shahdad_kot,name,QUBOSAEEDKHAN,100.0
9618217B53525514114395,SHAHDAD KOT,Qambar Shahdadkot,sd_kambar_shahdad_kot,name,SHAHDADKOT,100.0
9618217B35051011521012,SIJAWAL JUNEJO,Qambar Shahdadkot,sd_kambar_shahdad_kot,name_fuzzy,SUJAWALJUNEJO,92.0
9618217B29537584943692,WARAH,Qambar Shahdadkot,sd_kambar_shahdad_kot,name,WARAH,100.0
9618217B49298824887871,GULBERG TOWN,Karachi,sd_karachi_central,name,GULBERG,100.0
9618217B32835633358061,LIAQATABAD TOWN,Karachi,sd_karachi_central,name_fuzzy,LIAQUATABAD,95.0
9618217B68715976569755,N.NAZIMABAD TOWN,Karachi,sd_karachi_central,name_fuzzy,NAZIMABAD,95.0
9618217B94506415006873,NEW KARACHI TOWN,Karachi,sd_karachi_central,name,NEWKARACHI,100.0
9618217B80151254256120,GULSHAN E IQBAL TOWN,Karachi,sd_karachi_east,name,GULSHANEIQBAL,100.0
9618217B68188288692229,JAMSHED TOWN,Karachi,sd_karachi_east,manual,"Karachi polygons are 2017-era towns; Jamshed town became Jamshed Quarters, Karachi East.",
9618217B15353511562764,CLIFTON CANTONMENT,Karachi,sd_karachi_south,manual,Karachi polygons are 2017-era towns; Clifton Cantonment lies in Karachi South.,
9618217B85691850097760,KARACHI CANTONMENT,Karachi,sd_karachi_south,manual,Karachi polygons are 2017-era towns; Karachi Cantonment (Saddar) lies in Karachi South.,
9618217B81972657940854,LYARI TOWN,Karachi,sd_karachi_south,name,LYARI,100.0
9618217B49959130600238,SADDAR TOWN,Karachi,sd_karachi_south,name,SADDAR,100.0
9618217B18146394864332,ORANGI TOWN,Karachi,sd_karachi_west,name,ORANGI,100.0
9618217B15678878518625,KANDHKOT,Kashmore,sd_kashmore,name,KANDHKOT,100.0
9618217B20201553846238,KASHMORE,Kashmore,sd_kashmore,name,KASHMORE,100.0
9618217B6098151019348,TANGWANI,Kashmore,sd_kashmore,name,TANGWANI,100.0
9618217B71654380557394,BALDIA TOWN,Karachi,sd_keamari,name,BALDIA,100.0
9618217B80577698749666,KIAMARI TOWN,Karachi,sd_keamari,manual,Karachi polygons are 2017-era towns; Kiamari town is the core of Keamari district.,
9618217B84997176527728,MANORA CANTONMENT,Karachi,sd_keamari,manual,Karachi polygons are 2017-era towns; Manora lies in Keamari district.,
9618217B27836216786447,SITE TOWN,Karachi,sd_keamari,name,SITE,100.0
9618217B41613201463126,FAIZ GANJ,Khairpur,sd_khairpur,name,FAIZGANJ,100.0
9618217B55753153064418,GAMBAT,Khairpur,sd_khairpur,name,GAMBAT,100.0
9618217B61566753463089,KHAIRPUR,Khairpur,sd_khairpur,name,KHAIRPUR,100.0
9618217B63818850525327,KINGRI,Khairpur,sd_khairpur,name,KINGRI,100.0
9618217B94972393484147,KOT DIJI,Khairpur,sd_khairpur,name,KOTDIJI,100.0
9618217B14625320962806,MIRWAH,Khairpur,sd_khairpur,name,MIRWAH,100.0
9618217B45979968015680,NARA,Khairpur,sd_khairpur,name,NARA,100.0
9618217B20409854578986,SOBHO DERO,Khairpur,sd_khairpur,name,SOBHODERO,100.0
9618217B41060752255967,FAISAL CANTONMENT,Karachi,sd_korangi,manual,"Karachi polygons are 2017-era towns; Faisal Cantonment adjoins Shah Faisal, Korangi. Least certain call in the file.",
9618217B10928152590242,KORANGI CREEK CANTONMENT,Karachi,sd_korangi,manual,Karachi polygons are 2017-era towns; Korangi Creek Cantonment adjoins Korangi.,
9618217B4743832450258,KORANGI TOWN,Karachi,sd_korangi,name,KORANGI,100.0
9618217B32801209797118,LANDHI TOWN,Karachi,sd_korangi,name,LANDHI,100.0
9618217B23633640265691,SHAH FAISAL TOWN,Karachi,sd_korangi,name,SHAHFAISAL,100.0
9618217B93929930107410,BAKRANI TALUKS,Qambar Shahdadkot,sd_larkana,name,BAKRANI,100.0
9618217B45151576893474,DOKRI,Qambar Shahdadkot,sd_larkana,name,DOKRI,100.0
9618217B49297858238659,LARKANA,Qambar Shahdadkot,sd_larkana,name,LARKANA,100.0
9618217B19893044532303,RATODERO,Qambar Shahdadkot,sd_larkana,name,RATODERO,100.0
9618217B81288119698045,BIN QASIM TOWN,Karachi,sd_malir,name,BINQASIM,100.0
9618217B74562422953001,GADAP TOWN,Karachi,sd_malir,name,GADAP,100.0
9618217B33191916593922,MALIR,Karachi,sd_malir,manual,Karachi polygons are 2017-era towns; Malir town falls mainly in the 2023 Malir district.,
9618217B3059727908268,MALIR CANTONMENT,Karachi,sd_malir,manual,Karachi polygons are 2017-era towns; Malir Cantonment lies in Malir district.,
9618217B17233619866679,HALA,Matiari,sd_matiari,name,HALA,100.0
9618217B46709671156622,MATIARI,Hyderabad,sd_matiari,name,MATIARI,100.0
9618217B1054056292153,SAEEDABAD,Matiari,sd_matiari,name,SAEEDABAD,100.0
9618217B41760593982752,DIGRI,Mirpurkhas,sd_mirpur_khas,name,DIGRI,100.0
9618217B93086233155793,HUSSAIN BUX MARI,Mirpurkhas,sd_mirpur_khas,name,HUSSAINBUXMARI,100.0
9618217B31440526169514,JHUDO,Mirpurkhas,sd_mirpur_khas,name,JHUDO,100.0
9618217B35389385843798,KOT GHULAM MUHAMMAD,Mirpurkhas,sd_mirpur_khas,name,KOTGHULAMMUHAMMAD,100.0
9618217B77511770733400,MIRPURKHAS,Mirpurkhas,sd_mirpur_khas,name,MIRPURKHAS,100.0
9618217B29212550094263,SINDHRI,Sanghar,sd_mirpur_khas,name,SINDHRI,100.0
9618217B62868670592132,BHIRIA,Naushehro Feroze,sd_naushahro_feroze,name,BHIRIA,100.0
9618217B6102619181419,KANDIARO,Naushehro Feroze,sd_naushahro_feroze,name,KANDIARO,100.0
9618217B49652450587085,MEHRABPUR,Naushehro Feroze,sd_naushahro_feroze,name,MEHRABPUR,100.0
9618217B49576506361166,MORO,Naushehro Feroze,sd_naushahro_feroze,name,MORO,100.0
9618217B86325725755711,NAUSHAHRO FEROZE,Naushehro Feroze,sd_naushahro_feroze,name,NAUSHAHROFEROZE,100.0
9618217B28490473893674,JAM NAWAZ ALI,Sanghar,sd_sanghar,name,JAMNAWAZALI,100.0
9618217B44887302893578,KHIPRO,Sanghar,sd_sanghar,name,KHIPRO,100.0
9618217B60302584409093,SANGHAR,Sanghar,sd_sanghar,name,SANGHAR,100.0
9618217B55526375185371,SHAHDADPUR,Sanghar,sd_sanghar,name,SHAHDADPUR,100.0
9618217B1648155290969,SINJHORO,Sanghar,sd_sanghar,name,SINJHORO,100.0
9618217B2465642186397,TANDO ADAM,Sanghar,sd_sanghar,name,TANDOADAM,100.0
9618217B68332779082048,DAUR,Nawabshah,sd_shaheed_benazirabad,name,DAUR,100.0
9618217B90267247326285,KAZI AHMED,Nawabshah,sd_shaheed_benazirabad,name,KAZIAHMED,100.0
9618217B40348494401559,NAWABSHAH,Nawabshah,sd_shaheed_benazirabad,name,NAWABSHAH,100.0
9618217B26544840461255,SAKRAND,Nawabshah,sd_shaheed_benazirabad,name,SAKRAND,100.0
9618217B98376452500740,GARHI YASIN,Shikarpur,sd_shikarpur,name,GARHIYASIN,100.0
9618217B94411658070571,KHANPUR,Shikarpur,sd_shikarpur,name,KHANPUR,100.0
9618217B46900508177300,LAKHI,Shikarpur,sd_shikarpur,name,LAKHI,100.0
9618217B27757142897460,SHIKARPUR,Shikarpur,sd_shikarpur,name,SHIKARPUR,100.0
9618217B32691002366666,JATI,Thatta,sd_sujawal,name,JATI,100.0
9618217B62953404341439,KHARO CHAN,Thatta,sd_sujawal,name,KHAROCHAN,100.0
9618217B32309047499961,MIRPUR BATHORO,Thatta,sd_sujawal,name,MIRPURBATHORO,100.0
9618217B34108592330182,SHAH BUNDER,Thatta,sd_sujawal,name,SHAHBUNDER,100.0
9618217B63801206412538,SUJAWAL,Thatta,sd_sujawal,name,SUJAWAL,100.0
9618217B94319031866634,NEW SUKKUR,Shikarpur,sd_sukkur,name,NEWSUKKUR,100.0
9618217B49534384212530,PANO AQIL,Sukkur,sd_sukkur,name,PANOAQIL,100.0
9618217B29131954662033,ROHRI,Sukkur,sd_sukkur,name,ROHRI,100.0
9618217B63859663087686,SALEHPAT,Sukkur,sd_sukkur,name,SALEHPAT,100.0
9618217B93488749817642,SUKKUR,Sukkur,sd_sukkur,name,SUKKUR,100.0
9618217B78978409820002,CHAMBER,Tando Allahyar,sd_tando_allahyar,name,CHAMBER,100.0
9618217B49137359500551,JHANDO MARI,Tando Allahyar,sd_tando_allahyar,name,JHANDOMARI,100.0
9618217B32422016451775,TANDO ALLAH YAR,Tando Allahyar,sd_tando_allahyar,name,TANDOALLAHYAR,100.0
9618217B55492999245243,BULRI SHAH KARIM,Tando Muhammad Khan,sd_tando_muhammad_khan,name,BULRISHAHKARIM,100.0
9618217B32325848684143,TANDO GULAM HYDER,Badin,sd_tando_muhammad_khan,manual,Census 2023 lists Tando Ghulam Hyder tehsil under Tando Muhammad Khan.,
9618217B84304552690327,TANDO MUHAMMAD KHAN,Hyderabad,sd_tando_muhammad_khan,name,TANDOMUHAMMADKHAN,100.0
9618217B62475271488005,CHACHRO,Tharparkar,sd_tharparkar,name,CHACHRO,100.0
9618217B1653844923858,DIPLO,Tharparkar,sd_tharparkar,name,DIPLO,100.0
9618217B71775069847333,MITHI,Tharparkar,sd_tharparkar,name,MITHI,100.0
9618217B33625885361704,NAGAR PARKAR,Tharparkar,sd_tharparkar,name,NAGARPARKAR,100.0
9618217B59607324578491,GHORABARI,Thatta,sd_thatta,name,GHORABARI,100.0
9618217B45821827970586,KETI BUNDER,Thatta,sd_thatta,name,KETIBUNDER,100.0
9618217B56949362000104,MIRPUR SAKRO,Thatta,sd_thatta,name,MIRPURSAKRO,100.0
9618217B1372842276225,THATTA,Thatta,sd_thatta,name,THATTA,100.0
9618217B8905165567728,KUNRI,Umerkot,sd_umer_kot,name,KUNRI,100.0
9618217B67314083220757,PITHORO,Umerkot,sd_umer_kot,name,PITHORO,100.0
9618217B7598168398580,SAMARO,Umerkot,sd_umer_kot,name,SAMARO,100.0
9618217B80289626540526,UMER KOT,Umerkot,sd_umer_kot,name,UMERKOT,100.0
